city,latitude,longitude,date,temp_max,temp_min,precipitation,precip_probability,wind_speed,wind_gusts,weather_code
Casablanca,33.5625,-7.625,2026-09-14,32.0,23.6,0.0,0,10.3,29.5,2
Casablanca,33.5625,-7.625,2026-09-15,28.3,21.8,0.0,0,11.6,32.8,45
Casablanca,33.5625,-7.625,2026-09-16,25.6,20.9,0.0,0,14.6,38.2,2
Casablanca,33.5625,-7.625,2026-09-17,25.6,19.7,0.0,0,12.5,34.2,3
Casablanca,33.5625,-7.625,2026-09-18,25.4,18.2,0.0,0,14.8,38.5,2
Casablanca,33.5625,-7.625,2026-09-19,28.6,19.8,0.0,0,13.1,34.9,45
Casablanca,33.5625,-7.625,2026-09-20,31.7,21.1,0.0,0,13.3,35.3,45
Tangier,35.75,-5.8125,2026-09-14,29.7,22.5,0.0,0,25.4,60.1,1
Tangier,35.75,-5.8125,2026-09-15,30.4,21.1,0.0,0,16.9,38.5,1
Tangier,35.75,-5.8125,2026-09-16,26.9,18.2,0.0,0,21.3,48.6,3
Tangier,35.75,-5.8125,2026-09-17,26.2,18.8,0.0,0,15.0,34.9,3
Tangier,35.75,-5.8125,2026-09-18,28.2,18.7,0.0,0,21.4,49.3,3
Tangier,35.75,-5.8125,2026-09-19,27.3,21.7,0.0,0,34.2,64.8,3
Tangier,35.75,-5.8125,2026-09-20,26.9,22.9,0.0,3,35.1,65.5,3
Fès,34.0625,-5.0,2026-09-14,38.3,23.5,0.0,0,11.0,29.5,2
Fès,34.0625,-5.0,2026-09-15,35.1,23.7,0.0,0,15.5,38.9,3
Fès,34.0625,-5.0,2026-09-16,31.3,20.5,0.0,0,16.8,40.3,1
Fès,34.0625,-5.0,2026-09-17,27.7,18.7,0.0,8,12.2,33.5,3
Fès,34.0625,-5.0,2026-09-18,32.0,18.0,0.0,13,9.7,27.0,3
Fès,34.0625,-5.0,2026-09-19,37.4,21.2,0.0,5,9.8,26.7,3
Fès,34.0625,-5.0,2026-09-20,38.9,23.5,0.0,5,17.2,41.0,2
Marrakech,31.625,-8.0,2026-09-14,40.0,23.2,0.0,8,12.1,40.0,3
Marrakech,31.625,-8.0,2026-09-15,37.8,24.2,0.0,3,14.8,38.9,3
Marrakech,31.625,-8.0,2026-09-16,34.6,20.3,0.0,0,13.3,35.6,0
Marrakech,31.625,-8.0,2026-09-17,30.3,18.3,0.0,3,8.8,26.3,1
Marrakech,31.625,-8.0,2026-09-18,31.7,18.2,0.0,20,7.9,25.2,1
Marrakech,31.625,-8.0,2026-09-19,35.7,19.6,0.3,17,12.9,23.0,3
Marrakech,31.625,-8.0,2026-09-20,37.9,20.3,0.0,18,11.3,23.0,2
Sale,34.0,-6.8125,2026-09-14,33.6,23.5,0.0,0,11.1,29.5,0
Sale,34.0,-6.8125,2026-09-15,27.7,21.4,0.0,0,12.8,33.8,45
Sale,34.0,-6.8125,2026-09-16,25.8,20.8,0.0,0,15.5,39.2,2
Sale,34.0,-6.8125,2026-09-17,25.9,18.8,0.0,0,12.0,32.0,3
Sale,34.0,-6.8125,2026-09-18,26.2,17.4,0.0,0,15.3,38.2,2
Sale,34.0,-6.8125,2026-09-19,27.4,17.6,0.0,3,12.3,30.6,45
Sale,34.0,-6.8125,2026-09-20,30.8,21.3,0.0,3,13.7,30.2,1
Meknès,33.875,-5.5625,2026-09-14,37.6,23.1,0.0,0,16.6,41.8,2
Meknès,33.875,-5.5625,2026-09-15,34.2,21.1,0.0,0,16.1,41.0,3
Meknès,33.875,-5.5625,2026-09-16,30.3,18.9,0.0,0,16.8,42.1,1
Meknès,33.875,-5.5625,2026-09-17,26.3,17.4,0.0,5,12.8,33.8,3
Meknès,33.875,-5.5625,2026-09-18,30.2,15.6,0.0,8,11.9,31.3,2
Meknès,33.875,-5.5625,2026-09-19,34.9,19.0,0.6,5,7.8,28.1,80
Meknès,33.875,-5.5625,2026-09-20,37.3,22.0,0.0,5,15.5,36.4,2
Rabat,34.0,-6.8125,2026-09-14,33.6,23.6,0.0,0,11.1,29.5,0
Rabat,34.0,-6.8125,2026-09-15,27.7,21.4,0.0,0,12.8,33.8,45
Rabat,34.0,-6.8125,2026-09-16,25.8,20.9,0.0,0,15.5,39.2,2
Rabat,34.0,-6.8125,2026-09-17,26.0,18.9,0.0,0,12.0,32.0,3
Rabat,34.0,-6.8125,2026-09-18,26.2,17.5,0.0,0,15.3,38.2,2
Rabat,34.0,-6.8125,2026-09-19,27.4,17.6,0.0,3,12.3,30.6,45
Rabat,34.0,-6.8125,2026-09-20,30.9,21.4,0.0,3,13.7,30.2,1
Agadir,30.4375,-9.5625,2026-09-14,38.9,28.6,0.0,8,17.5,42.8,3
Agadir,30.4375,-9.5625,2026-09-15,34.6,26.5,0.0,3,11.2,31.0,2
Agadir,30.4375,-9.5625,2026-09-16,36.5,23.8,0.0,0,16.3,47.9,0
Agadir,30.4375,-9.5625,2026-09-17,28.0,20.3,0.0,0,13.8,36.0,2
Agadir,30.4375,-9.5625,2026-09-18,26.3,19.7,0.0,3,13.5,36.7,2
Agadir,30.4375,-9.5625,2026-09-19,37.7,20.2,0.0,3,16.3,40.0,3
Agadir,30.4375,-9.5625,2026-09-20,40.1,25.2,0.0,0,16.9,38.5,1
Kenitra,34.25,-6.5625,2026-09-14,35.1,22.7,0.0,0,12.2,31.0,0
Kenitra,34.25,-6.5625,2026-09-15,28.8,21.0,0.0,0,14.0,34.2,45
Kenitra,34.25,-6.5625,2026-09-16,26.5,20.7,0.0,0,16.5,40.0,2
Kenitra,34.25,-6.5625,2026-09-17,26.5,18.3,0.0,0,12.3,33.1,3
Kenitra,34.25,-6.5625,2026-09-18,28.2,17.2,0.0,0,15.5,38.9,45
Kenitra,34.25,-6.5625,2026-09-19,29.1,17.0,0.0,3,13.7,32.4,3
Kenitra,34.25,-6.5625,2026-09-20,33.7,19.9,0.0,0,16.1,36.0,0
Oujda-Angad,34.6875,-1.9375,2026-09-14,30.4,17.5,0.0,0,17.0,36.0,1
Oujda-Angad,34.6875,-1.9375,2026-09-15,30.6,16.4,0.0,0,17.2,36.4,3
Oujda-Angad,34.6875,-1.9375,2026-09-16,32.1,14.9,0.0,0,19.2,40.3,0
Oujda-Angad,34.6875,-1.9375,2026-09-17,28.0,16.8,0.0,3,16.7,40.0,3
Oujda-Angad,34.6875,-1.9375,2026-09-18,27.0,16.3,0.0,40,19.3,42.1,45
Oujda-Angad,34.6875,-1.9375,2026-09-19,31.5,17.4,0.0,7,18.8,33.8,45
Oujda-Angad,34.6875,-1.9375,2026-09-20,31.5,19.2,0.0,8,20.9,37.4,2
Tétouan,35.5625,-5.375,2026-09-14,27.0,22.1,0.0,0,18.1,46.1,2
Tétouan,35.5625,-5.375,2026-09-15,28.1,20.8,0.0,0,13.2,34.9,2
Tétouan,35.5625,-5.375,2026-09-16,33.7,18.3,0.0,0,25.3,58.7,1
Tétouan,35.5625,-5.375,2026-09-17,27.9,17.5,0.0,0,11.3,27.4,3
Tétouan,35.5625,-5.375,2026-09-18,26.4,17.2,0.0,8,20.3,46.1,3
Tétouan,35.5625,-5.375,2026-09-19,27.1,21.7,0.0,3,27.8,56.5,3
Tétouan,35.5625,-5.375,2026-09-20,26.7,22.9,0.0,5,26.5,62.3,3
Safi,32.3125,-9.25,2026-09-14,35.3,24.7,0.0,0,19.5,36.4,3
Safi,32.3125,-9.25,2026-09-15,33.5,23.0,0.0,0,25.1,43.9,2
Safi,32.3125,-9.25,2026-09-16,26.7,20.4,0.0,0,28.5,50.0,2
Safi,32.3125,-9.25,2026-09-17,24.7,18.8,0.0,0,19.6,34.2,2
Safi,32.3125,-9.25,2026-09-18,25.8,18.3,0.0,0,23.7,43.6,2
Safi,32.3125,-9.25,2026-09-19,31.2,19.1,0.0,3,18.8,34.6,3
Safi,32.3125,-9.25,2026-09-20,37.2,22.5,0.0,0,20.6,38.5,1
Taourirt,34.4375,-2.875,2026-09-14,31.8,19.2,0.0,0,25.2,41.0,1
Taourirt,34.4375,-2.875,2026-09-15,32.1,18.9,0.0,0,23.6,38.2,3
Taourirt,34.4375,-2.875,2026-09-16,34.0,18.4,0.0,0,23.4,37.4,1
Taourirt,34.4375,-2.875,2026-09-17,29.9,20.0,0.0,5,26.2,46.4,3
Taourirt,34.4375,-2.875,2026-09-18,29.0,18.5,0.0,20,26.8,48.6,45
Taourirt,34.4375,-2.875,2026-09-19,31.7,18.7,0.0,6,17.7,30.6,3
Taourirt,34.4375,-2.875,2026-09-20,31.7,19.9,0.0,5,21.8,35.3,45
Temara,33.9375,-6.875,2026-09-14,33.4,23.4,0.0,0,11.0,30.2,0
Temara,33.9375,-6.875,2026-09-15,27.7,21.0,0.0,0,12.9,34.9,1
Temara,33.9375,-6.875,2026-09-16,25.6,20.3,0.0,0,15.9,41.0,2
Temara,33.9375,-6.875,2026-09-17,25.7,18.5,0.0,0,12.4,33.1,3
Temara,33.9375,-6.875,2026-09-18,26.4,16.4,0.0,0,14.8,38.9,45
Temara,33.9375,-6.875,2026-09-19,25.8,17.5,0.0,3,12.6,27.0,2
Temara,33.9375,-6.875,2026-09-20,29.3,20.7,0.0,3,13.8,27.7,0
Laâyoune,27.170473,-13.229401,2026-09-14,40.3,25.7,0.0,2,27.0,50.4,0
Laâyoune,27.170473,-13.229401,2026-09-15,40.2,25.6,0.0,0,26.3,51.8,0
Laâyoune,27.170473,-13.229401,2026-09-16,34.9,21.6,0.0,0,27.0,52.2,0
Laâyoune,27.170473,-13.229401,2026-09-17,28.8,21.4,0.0,0,29.5,57.6,3
Laâyoune,27.170473,-13.229401,2026-09-18,27.2,20.1,0.0,4,28.0,55.4,3
Laâyoune,27.170473,-13.229401,2026-09-19,29.0,18.8,0.0,0,20.3,43.2,2
Laâyoune,27.170473,-13.229401,2026-09-20,32.4,18.6,0.0,2,22.1,47.2,3
El Jadid,33.25,-8.4375,2026-09-14,29.2,21.0,0.0,0,14.2,25.9,1
El Jadid,33.25,-8.4375,2026-09-15,26.6,21.5,0.0,0,17.0,30.2,45
El Jadid,33.25,-8.4375,2026-09-16,25.0,20.9,0.0,0,19.7,35.6,2
El Jadid,33.25,-8.4375,2026-09-17,25.1,19.5,0.0,2,15.2,27.0,3
El Jadid,33.25,-8.4375,2026-09-18,24.4,19.0,0.0,3,19.0,35.3,45
El Jadid,33.25,-8.4375,2026-09-19,27.0,20.5,0.0,3,18.4,34.9,3
El Jadid,33.25,-8.4375,2026-09-20,29.2,21.1,0.0,0,17.3,32.8,45
Ait Melloul,30.3125,-9.5,2026-09-14,39.6,25.3,0.0,8,17.9,34.6,3
Ait Melloul,30.3125,-9.5,2026-09-15,35.4,25.6,0.0,3,18.7,36.4,2
Ait Melloul,30.3125,-9.5,2026-09-16,29.4,21.6,0.0,0,20.5,39.6,1
Ait Melloul,30.3125,-9.5,2026-09-17,26.6,21.0,0.0,0,17.5,34.2,3
Ait Melloul,30.3125,-9.5,2026-09-18,26.3,20.0,0.0,5,18.4,36.0,2
Ait Melloul,30.3125,-9.5,2026-09-19,38.0,20.3,0.0,3,16.3,40.0,3
Ait Melloul,30.3125,-9.5,2026-09-20,40.3,25.4,0.0,0,16.9,38.5,1
Béni Mellal,32.3125,-6.375,2026-09-14,38.6,25.5,0.0,5,18.8,46.1,3
Béni Mellal,32.3125,-6.375,2026-09-15,36.0,25.3,0.0,3,22.0,45.0,61
Béni Mellal,32.3125,-6.375,2026-09-16,32.7,21.2,0.0,0,17.9,36.7,2
Béni Mellal,32.3125,-6.375,2026-09-17,29.8,18.7,0.0,9,10.7,24.8,2
Béni Mellal,32.3125,-6.375,2026-09-18,31.6,18.9,0.0,13,10.6,20.9,3
Béni Mellal,32.3125,-6.375,2026-09-19,35.7,22.6,0.6,9,14.3,28.4,3
Béni Mellal,32.3125,-6.375,2026-09-20,37.8,26.6,0.0,3,18.0,37.1,2
Bouskoura,33.4375,-7.625,2026-09-14,36.7,24.2,0.0,0,16.0,39.6,3
Bouskoura,33.4375,-7.625,2026-09-15,31.7,21.0,0.0,0,15.7,38.9,45
Bouskoura,33.4375,-7.625,2026-09-16,26.8,19.6,0.0,0,17.5,42.1,45
Bouskoura,33.4375,-7.625,2026-09-17,26.5,18.8,0.0,0,14.0,35.6,3
Bouskoura,33.4375,-7.625,2026-09-18,27.3,16.8,0.0,0,17.7,42.8,45
Bouskoura,33.4375,-7.625,2026-09-19,27.8,19.0,0.0,0,13.1,34.9,45
Bouskoura,33.4375,-7.625,2026-09-20,30.9,20.3,0.0,0,13.3,35.3,45
Tiznit,29.6875,-9.75,2026-09-14,38.8,29.5,0.1,8,33.6,62.3,3
Tiznit,29.6875,-9.75,2026-09-15,36.5,27.4,0.0,0,19.9,33.1,0
Tiznit,29.6875,-9.75,2026-09-16,31.6,21.4,0.0,0,22.5,38.2,1
Tiznit,29.6875,-9.75,2026-09-17,24.2,19.4,0.0,0,23.2,38.2,3
Tiznit,29.6875,-9.75,2026-09-18,24.9,19.2,0.0,5,22.3,37.1,3
Tiznit,29.6875,-9.75,2026-09-19,28.4,19.4,0.0,3,15.6,25.9,2
Tiznit,29.6875,-9.75,2026-09-20,31.2,23.3,0.0,0,17.0,29.2,1
Mohammedia,33.6875,-7.375,2026-09-14,31.2,22.8,0.0,0,11.1,26.6,1
Mohammedia,33.6875,-7.375,2026-09-15,27.1,21.0,0.0,0,14.0,33.1,45
Mohammedia,33.6875,-7.375,2026-09-16,25.3,20.7,0.0,0,16.7,38.5,2
Mohammedia,33.6875,-7.375,2026-09-17,25.3,19.5,0.0,0,14.2,33.5,3
Mohammedia,33.6875,-7.375,2026-09-18,25.0,17.1,0.0,0,15.9,37.8,3
Mohammedia,33.6875,-7.375,2026-09-19,30.0,18.8,0.0,0,17.5,32.8,45
Mohammedia,33.6875,-7.375,2026-09-20,33.6,21.2,0.0,0,19.1,36.4,0
Kouribga,32.875,-6.875,2026-09-14,37.7,22.1,0.0,3,27.8,53.3,3
Kouribga,32.875,-6.875,2026-09-15,35.0,21.3,0.0,0,25.2,48.6,3
Kouribga,32.875,-6.875,2026-09-16,31.6,17.9,0.0,0,21.6,41.4,0
Kouribga,32.875,-6.875,2026-09-17,28.3,13.7,0.0,2,18.4,35.6,45
Kouribga,32.875,-6.875,2026-09-18,29.9,14.3,0.0,28,17.4,35.6,2
Kouribga,32.875,-6.875,2026-09-19,33.4,17.4,0.3,8,12.0,32.0,3
Kouribga,32.875,-6.875,2026-09-20,35.8,19.1,0.0,8,22.3,43.9,1
Settat,33.0,-7.625,2026-09-14,39.8,23.7,0.0,0,25.7,52.9,2
Settat,33.0,-7.625,2026-09-15,35.8,22.0,0.0,0,23.0,49.7,3
Settat,33.0,-7.625,2026-09-16,29.7,19.0,0.0,0,20.4,41.4,2
Settat,33.0,-7.625,2026-09-17,27.1,17.1,0.0,4,16.6,35.3,3
Settat,33.0,-7.625,2026-09-18,30.0,15.7,0.0,5,18.2,41.0,45
Settat,33.0,-7.625,2026-09-19,34.4,16.8,0.0,14,18.7,35.6,3
Settat,33.0,-7.625,2026-09-20,37.2,21.7,0.3,15,24.3,47.5,80
Barrechid,33.25,-7.5625,2026-09-14,39.9,24.0,0.0,0,23.6,42.5,3
Barrechid,33.25,-7.5625,2026-09-15,35.0,21.0,0.0,0,21.5,38.2,3
Barrechid,33.25,-7.5625,2026-09-16,28.8,18.7,0.0,0,21.0,37.4,2
Barrechid,33.25,-7.5625,2026-09-17,27.3,17.7,0.0,2,16.8,30.2,3
Barrechid,33.25,-7.5625,2026-09-18,29.3,16.0,0.0,3,20.2,37.4,45
Barrechid,33.25,-7.5625,2026-09-19,33.0,18.0,0.0,5,19.9,36.0,45
Barrechid,33.25,-7.5625,2026-09-20,37.0,20.9,0.0,5,19.8,38.2,3
Nador,35.1875,-2.9375,2026-09-14,26.4,23.2,0.0,0,14.4,33.1,2
Nador,35.1875,-2.9375,2026-09-15,26.3,22.0,0.0,0,12.0,28.1,3
Nador,35.1875,-2.9375,2026-09-16,29.8,20.8,0.0,0,8.6,24.8,2
Nador,35.1875,-2.9375,2026-09-17,26.1,22.1,0.0,7,11.5,27.0,3
Nador,35.1875,-2.9375,2026-09-18,25.3,21.5,0.0,8,13.5,32.4,3
Nador,35.1875,-2.9375,2026-09-19,27.7,22.2,0.0,5,19.4,33.8,3
Nador,35.1875,-2.9375,2026-09-20,27.5,22.5,0.0,3,18.6,33.8,45
Taza,34.25,-4.0,2026-09-14,32.3,20.4,0.0,0,19.2,38.5,3
Taza,34.25,-4.0,2026-09-15,33.3,19.9,0.0,0,15.7,33.1,3
Taza,34.25,-4.0,2026-09-16,30.5,19.3,0.0,0,24.1,50.4,1
Taza,34.25,-4.0,2026-09-17,29.4,18.2,0.0,6,19.3,42.1,3
Taza,34.25,-4.0,2026-09-18,29.0,17.2,0.0,9,19.2,41.4,3
Taza,34.25,-4.0,2026-09-19,32.6,19.0,0.0,8,17.6,39.6,3
Taza,34.25,-4.0,2026-09-20,33.2,20.7,0.0,8,19.9,37.8,1
Inezgane,30.375,-9.5625,2026-09-14,38.2,25.5,0.0,8,12.1,35.6,3
Inezgane,30.375,-9.5625,2026-09-15,32.9,24.2,0.0,3,12.3,32.4,2
Inezgane,30.375,-9.5625,2026-09-16,31.6,21.7,0.0,0,15.5,41.0,1
Inezgane,30.375,-9.5625,2026-09-17,26.1,20.4,0.0,0,14.4,37.8,2
Inezgane,30.375,-9.5625,2026-09-18,25.1,19.5,0.0,5,14.4,39.2,2
Inezgane,30.375,-9.5625,2026-09-19,38.0,20.3,0.0,3,16.3,40.0,3
Inezgane,30.375,-9.5625,2026-09-20,40.4,25.5,0.0,0,16.9,38.5,1
Larache,35.1875,-6.125,2026-09-14,35.7,22.1,0.0,0,14.8,27.7,0
Larache,35.1875,-6.125,2026-09-15,30.6,19.6,0.0,0,25.3,48.6,0
Larache,35.1875,-6.125,2026-09-16,26.7,18.7,0.0,0,18.1,33.8,2
Larache,35.1875,-6.125,2026-09-17,26.1,18.9,0.0,0,14.4,27.4,45
Larache,35.1875,-6.125,2026-09-18,27.4,15.3,0.0,0,16.8,33.1,45
Larache,35.1875,-6.125,2026-09-19,30.6,18.5,0.0,3,14.8,28.1,2
Larache,35.1875,-6.125,2026-09-20,36.0,20.0,0.0,3,18.2,33.8,2
Al Khmissat,33.8125,-6.0625,2026-09-14,39.4,23.2,0.0,0,19.7,39.6,2
Al Khmissat,33.8125,-6.0625,2026-09-15,35.3,20.6,0.0,0,20.2,40.3,2
Al Khmissat,33.8125,-6.0625,2026-09-16,30.9,18.1,0.0,0,18.4,37.4,2
Al Khmissat,33.8125,-6.0625,2026-09-17,27.9,16.2,0.0,3,14.1,28.8,45
Al Khmissat,33.8125,-6.0625,2026-09-18,30.4,14.8,0.0,5,18.1,33.8,3
Al Khmissat,33.8125,-6.0625,2026-09-19,35.3,18.1,0.0,3,13.3,27.7,3
Al Khmissat,33.8125,-6.0625,2026-09-20,38.1,19.2,0.0,3,21.2,39.6,1
Guelmim,28.998241,-10.114685,2026-09-14,37.6,27.5,0.1,37,21.8,37.4,51
Guelmim,28.998241,-10.114685,2026-09-15,38.3,24.3,0.0,0,24.8,43.6,0
Guelmim,28.998241,-10.114685,2026-09-16,36.6,20.5,0.0,0,30.8,51.1,1
Guelmim,28.998241,-10.114685,2026-09-17,24.8,18.3,0.0,0,27.4,45.7,3
Guelmim,28.998241,-10.114685,2026-09-18,28.3,18.3,0.0,0,23.6,42.1,3
Guelmim,28.998241,-10.114685,2026-09-19,32.1,18.2,0.0,4,26.2,46.1,3
Guelmim,28.998241,-10.114685,2026-09-20,36.7,19.2,0.0,4,20.9,37.1,0
Ksar El Kebir,35.0,-5.875,2026-09-14,39.0,24.4,0.0,0,17.1,34.2,0
Ksar El Kebir,35.0,-5.875,2026-09-15,35.4,21.2,0.0,0,22.7,46.1,0
Ksar El Kebir,35.0,-5.875,2026-09-16,29.9,20.7,0.0,0,15.9,31.0,2
Ksar El Kebir,35.0,-5.875,2026-09-17,27.5,19.9,0.0,0,11.2,21.2,3
Ksar El Kebir,35.0,-5.875,2026-09-18,30.9,16.4,0.0,0,18.1,34.6,45
Ksar El Kebir,35.0,-5.875,2026-09-19,36.5,18.4,0.0,3,18.7,35.6,2
Ksar El Kebir,35.0,-5.875,2026-09-20,39.6,21.8,0.0,3,14.0,31.7,0
Khénifra,32.9375,-5.6875,2026-09-14,36.9,19.8,0.0,8,16.1,31.7,3
Khénifra,32.9375,-5.6875,2026-09-15,34.7,20.2,0.0,3,22.0,41.8,3
Khénifra,32.9375,-5.6875,2026-09-16,31.6,16.3,0.0,0,19.2,34.9,2
Khénifra,32.9375,-5.6875,2026-09-17,30.4,16.1,0.0,33,18.5,33.5,3
Khénifra,32.9375,-5.6875,2026-09-18,32.7,14.7,0.0,28,20.9,40.0,3
Khénifra,32.9375,-5.6875,2026-09-19,33.8,19.9,0.0,12,13.2,27.7,3
Khénifra,32.9375,-5.6875,2026-09-20,36.2,20.3,0.0,13,10.2,23.0,2
Skhirate,33.875,-7.0,2026-09-14,30.6,22.7,0.0,0,10.7,25.2,1
Skhirate,33.875,-7.0,2026-09-15,26.3,20.9,0.0,0,13.9,31.0,45
Skhirate,33.875,-7.0,2026-09-16,24.8,20.6,0.0,0,16.9,36.7,2
Skhirate,33.875,-7.0,2026-09-17,24.8,19.0,0.0,0,13.2,29.5,3
Skhirate,33.875,-7.0,2026-09-18,24.6,16.7,0.0,0,16.8,36.7,2
Skhirate,33.875,-7.0,2026-09-19,25.9,17.7,0.0,0,12.6,27.0,3
Skhirate,33.875,-7.0,2026-09-20,29.4,20.8,0.0,0,13.8,27.7,0
Beni Yakhlef,33.625,-7.3125,2026-09-14,36.0,23.8,0.0,0,16.9,31.0,1
Beni Yakhlef,33.625,-7.3125,2026-09-15,30.3,20.4,0.0,0,18.0,33.5,45
Beni Yakhlef,33.625,-7.3125,2026-09-16,26.5,19.4,0.0,0,20.4,37.8,3
Beni Yakhlef,33.625,-7.3125,2026-09-17,26.6,18.5,0.0,0,16.4,31.0,3
Beni Yakhlef,33.625,-7.3125,2026-09-18,27.0,15.6,0.0,0,20.6,38.5,45
Beni Yakhlef,33.625,-7.3125,2026-09-19,29.5,18.2,0.0,0,17.5,32.8,45
Beni Yakhlef,33.625,-7.3125,2026-09-20,33.1,20.7,0.0,0,19.1,36.4,0
Sidi Yahya Zaer,33.6875,-6.875,2026-09-14,38.3,23.7,0.0,0,21.6,42.8,1
Sidi Yahya Zaer,33.6875,-6.875,2026-09-15,32.4,20.1,0.0,0,20.4,41.0,1
Sidi Yahya Zaer,33.6875,-6.875,2026-09-16,27.5,18.5,0.0,0,22.2,43.9,2
Sidi Yahya Zaer,33.6875,-6.875,2026-09-17,26.3,17.3,0.0,2,16.4,33.5,3
Sidi Yahya Zaer,33.6875,-6.875,2026-09-18,27.9,15.0,0.0,3,19.6,40.3,1
Sidi Yahya Zaer,33.6875,-6.875,2026-09-19,31.3,16.6,0.0,3,15.8,33.1,3
Sidi Yahya Zaer,33.6875,-6.875,2026-09-20,36.2,19.3,0.0,0,19.1,38.2,0
Ben Guerir,32.25,-7.9375,2026-09-14,39.7,26.3,0.0,3,23.0,47.5,3
Ben Guerir,32.25,-7.9375,2026-09-15,37.1,24.5,0.0,3,23.9,48.6,3
Ben Guerir,32.25,-7.9375,2026-09-16,32.5,19.5,0.0,0,22.2,44.3,0
Ben Guerir,32.25,-7.9375,2026-09-17,28.5,16.7,0.0,5,16.3,33.1,2
Ben Guerir,32.25,-7.9375,2026-09-18,30.9,16.6,0.0,15,16.3,33.5,1
Ben Guerir,32.25,-7.9375,2026-09-19,35.7,18.4,0.9,17,9.0,32.0,80
Ben Guerir,32.25,-7.9375,2026-09-20,37.7,22.5,0.0,18,21.1,37.4,2
Ait Ali,30.1875,-9.5,2026-09-14,40.1,27.2,0.0,5,18.7,29.5,3
Ait Ali,30.1875,-9.5,2026-09-15,36.6,25.8,0.0,3,22.4,36.7,2
Ait Ali,30.1875,-9.5,2026-09-16,30.4,22.1,0.0,0,27.9,44.6,1
Ait Ali,30.1875,-9.5,2026-09-17,26.2,20.5,0.0,0,26.7,42.8,2
Ait Ali,30.1875,-9.5,2026-09-18,26.6,20.1,0.0,5,22.7,37.8,2
Ait Ali,30.1875,-9.5,2026-09-19,31.2,19.9,0.3,3,17.7,33.5,2
Ait Ali,30.1875,-9.5,2026-09-20,37.8,25.3,0.0,0,22.5,37.4,1
My Drarga,30.375,-9.5,2026-09-14,39.4,26.6,0.0,8,18.9,40.3,3
My Drarga,30.375,-9.5,2026-09-15,35.4,25.7,0.0,3,15.9,34.6,2
My Drarga,30.375,-9.5,2026-09-16,32.4,22.3,0.0,0,19.0,40.0,1
My Drarga,30.375,-9.5,2026-09-17,26.9,20.4,0.0,0,17.3,40.3,2
My Drarga,30.375,-9.5,2026-09-18,26.4,19.6,0.0,5,17.3,38.2,2
My Drarga,30.375,-9.5,2026-09-19,37.9,20.2,0.0,3,16.3,40.0,3
My Drarga,30.375,-9.5,2026-09-20,40.2,25.3,0.0,0,16.9,38.5,1
Lqoliaa,30.3125,-9.4375,2026-09-14,40.3,25.1,0.0,3,20.0,42.8,3
Lqoliaa,30.3125,-9.4375,2026-09-15,37.2,25.3,0.0,3,19.8,41.4,3
Lqoliaa,30.3125,-9.4375,2026-09-16,30.9,21.4,0.0,0,24.3,49.3,1
Lqoliaa,30.3125,-9.4375,2026-09-17,27.2,20.5,0.0,0,18.4,39.6,2
Lqoliaa,30.3125,-9.4375,2026-09-18,27.3,19.5,0.0,5,19.4,41.8,3
Lqoliaa,30.3125,-9.4375,2026-09-19,33.8,19.8,0.0,3,16.2,34.9,3
Lqoliaa,30.3125,-9.4375,2026-09-20,38.5,23.8,0.0,0,21.6,45.4,1
El Kelaa des Srarhna,32.0625,-7.375,2026-09-14,39.6,24.9,0.0,8,22.7,38.9,3
El Kelaa des Srarhna,32.0625,-7.375,2026-09-15,37.9,24.4,0.0,3,22.3,38.2,3
El Kelaa des Srarhna,32.0625,-7.375,2026-09-16,34.0,19.2,0.0,0,19.2,32.8,0
El Kelaa des Srarhna,32.0625,-7.375,2026-09-17,30.1,17.0,0.0,5,15.5,26.6,2
El Kelaa des Srarhna,32.0625,-7.375,2026-09-18,31.6,17.3,0.0,17,13.5,23.4,2
El Kelaa des Srarhna,32.0625,-7.375,2026-09-19,35.1,18.5,0.6,18,12.2,31.7,80
El Kelaa des Srarhna,32.0625,-7.375,2026-09-20,37.3,20.3,0.0,10,12.5,21.2,3
Moulay Abdallah,33.1875,-8.5625,2026-09-14,32.3,21.8,0.0,0,17.5,27.7,1
Moulay Abdallah,33.1875,-8.5625,2026-09-15,28.5,21.5,0.0,0,20.4,32.0,45
Moulay Abdallah,33.1875,-8.5625,2026-09-16,25.8,21.1,0.0,0,22.2,35.6,2
Moulay Abdallah,33.1875,-8.5625,2026-09-17,25.7,19.2,0.0,2,17.0,26.6,3
Moulay Abdallah,33.1875,-8.5625,2026-09-18,25.8,18.9,0.0,3,21.8,35.6,45
Moulay Abdallah,33.1875,-8.5625,2026-09-19,27.6,20.4,0.0,0,19.6,36.7,45
Moulay Abdallah,33.1875,-8.5625,2026-09-20,30.3,21.1,0.0,0,18.9,35.3,45
Tiflet,33.875,-6.3125,2026-09-14,38.7,25.4,0.0,0,19.3,39.2,1
Tiflet,33.875,-6.3125,2026-09-15,33.4,21.9,0.0,0,19.4,38.9,3
Tiflet,33.875,-6.3125,2026-09-16,28.7,19.0,0.0,0,19.6,39.6,2
Tiflet,33.875,-6.3125,2026-09-17,27.0,16.3,0.0,0,14.5,29.9,3
Tiflet,33.875,-6.3125,2026-09-18,30.1,15.2,0.0,3,15.5,37.1,3
Tiflet,33.875,-6.3125,2026-09-19,34.9,18.8,0.0,3,14.1,33.1,3
Tiflet,33.875,-6.3125,2026-09-20,38.2,20.8,0.0,3,18.1,38.2,3
Oulad Teïma,30.375,-9.1875,2026-09-14,41.7,24.5,0.0,8,23.3,44.3,3
Oulad Teïma,30.375,-9.1875,2026-09-15,40.7,24.8,0.0,3,24.2,47.9,2
Oulad Teïma,30.375,-9.1875,2026-09-16,34.6,21.3,0.0,0,27.3,51.5,0
Oulad Teïma,30.375,-9.1875,2026-09-17,29.3,19.1,0.0,0,25.8,48.6,2
Oulad Teïma,30.375,-9.1875,2026-09-18,29.2,18.1,0.0,10,24.3,46.4,1
Oulad Teïma,30.375,-9.1875,2026-09-19,35.1,18.7,0.0,4,17.8,31.7,2
Oulad Teïma,30.375,-9.1875,2026-09-20,40.4,24.3,0.0,0,28.8,50.0,2
Berkane,34.9375,-2.3125,2026-09-14,27.4,18.8,0.0,0,16.1,33.5,2
Berkane,34.9375,-2.3125,2026-09-15,27.0,17.8,0.0,0,13.4,28.8,1
Berkane,34.9375,-2.3125,2026-09-16,31.4,16.5,0.0,0,13.0,28.8,1
Berkane,34.9375,-2.3125,2026-09-17,26.6,20.0,0.0,2,15.8,35.6,3
Berkane,34.9375,-2.3125,2026-09-18,26.4,17.7,0.0,8,17.7,39.2,3
Berkane,34.9375,-2.3125,2026-09-19,28.0,19.1,0.0,3,13.6,25.2,3
Berkane,34.9375,-2.3125,2026-09-20,28.2,19.9,0.0,3,12.2,23.4,2
Ain El Aouda,33.8125,-6.8125,2026-09-14,37.4,22.6,0.0,0,18.1,36.0,1
Ain El Aouda,33.8125,-6.8125,2026-09-15,31.1,19.6,0.0,0,18.7,37.4,1
Ain El Aouda,33.8125,-6.8125,2026-09-16,26.8,18.6,0.0,0,20.6,41.4,2
Ain El Aouda,33.8125,-6.8125,2026-09-17,26.4,17.1,0.0,0,15.8,31.7,3
Ain El Aouda,33.8125,-6.8125,2026-09-18,28.1,15.0,0.0,0,18.3,37.4,45
Ain El Aouda,33.8125,-6.8125,2026-09-19,32.4,16.5,0.0,5,15.5,33.1,3
Ain El Aouda,33.8125,-6.8125,2026-09-20,36.7,20.5,0.0,5,20.4,39.2,0
Errachidia,31.9375,-4.4375,2026-09-14,36.5,25.1,0.1,3,18.1,37.1,3
Errachidia,31.9375,-4.4375,2026-09-15,32.9,24.9,0.0,15,17.5,34.2,3
Errachidia,31.9375,-4.4375,2026-09-16,33.0,21.7,0.0,3,21.7,43.2,2
Errachidia,31.9375,-4.4375,2026-09-17,32.8,21.1,0.2,47,14.3,42.5,3
Errachidia,31.9375,-4.4375,2026-09-18,33.2,22.4,0.3,46,11.2,24.5,3
Errachidia,31.9375,-4.4375,2026-09-19,31.1,22.4,0.0,29,17.7,30.2,3
Errachidia,31.9375,-4.4375,2026-09-20,33.0,21.6,0.0,11,10.7,21.2,1
Al Fqih Ben Çalah,32.5,-6.6875,2026-09-14,41.1,21.6,0.0,3,13.2,25.9,3
Al Fqih Ben Çalah,32.5,-6.6875,2026-09-15,38.3,23.4,0.0,3,21.7,41.0,3
Al Fqih Ben Çalah,32.5,-6.6875,2026-09-16,35.2,16.8,0.0,0,20.5,42.8,0
Al Fqih Ben Çalah,32.5,-6.6875,2026-09-17,32.8,16.1,0.0,5,14.9,30.2,45
Al Fqih Ben Çalah,32.5,-6.6875,2026-09-18,34.3,16.2,0.0,15,7.5,20.9,1
Al Fqih Ben Çalah,32.5,-6.6875,2026-09-19,37.8,18.3,0.0,9,13.8,46.1,3
Al Fqih Ben Çalah,32.5,-6.6875,2026-09-20,39.5,20.6,0.0,3,13.8,24.8,2
Ad Darwa,33.4375,-7.5625,2026-09-14,37.8,23.9,0.0,0,18.2,34.9,3
Ad Darwa,33.4375,-7.5625,2026-09-15,32.6,20.8,0.0,0,17.0,34.2,3
Ad Darwa,33.4375,-7.5625,2026-09-16,27.4,19.3,0.0,0,19.0,36.4,45
Ad Darwa,33.4375,-7.5625,2026-09-17,26.9,18.5,0.0,0,14.5,29.5,3
Ad Darwa,33.4375,-7.5625,2026-09-18,27.6,16.3,0.0,3,19.5,38.2,45
Ad Darwa,33.4375,-7.5625,2026-09-19,32.7,18.6,0.0,5,19.6,36.7,45
Ad Darwa,33.4375,-7.5625,2026-09-20,36.9,20.5,0.0,5,19.8,40.3,3
Martil,35.625,-5.3125,2026-09-14,25.7,22.2,0.0,0,18.7,41.4,2
Martil,35.625,-5.3125,2026-09-15,26.1,21.3,0.0,0,11.4,27.4,2
Martil,35.625,-5.3125,2026-09-16,32.0,19.3,0.0,0,16.6,41.0,1
Martil,35.625,-5.3125,2026-09-17,25.4,19.5,0.0,2,16.1,36.7,3
Martil,35.625,-5.3125,2026-09-18,24.9,18.6,0.0,10,18.1,38.9,3
Martil,35.625,-5.3125,2026-09-19,25.7,21.7,0.9,24,23.1,40.0,3
Martil,35.625,-5.3125,2026-09-20,25.5,22.6,0.0,5,22.0,39.6,3
Sidi Slimane,34.25,-5.9375,2026-09-14,40.0,23.5,0.0,0,17.8,37.8,0
Sidi Slimane,34.25,-5.9375,2026-09-15,34.5,20.9,0.0,0,17.6,36.7,2
Sidi Slimane,34.25,-5.9375,2026-09-16,30.6,20.7,0.0,0,18.7,39.2,2
Sidi Slimane,34.25,-5.9375,2026-09-17,28.3,19.3,0.0,0,13.0,28.1,3
Sidi Slimane,34.25,-5.9375,2026-09-18,32.2,17.1,0.0,0,14.8,36.4,45
Sidi Slimane,34.25,-5.9375,2026-09-19,37.5,19.1,0.0,0,17.4,33.8,1
Sidi Slimane,34.25,-5.9375,2026-09-20,40.5,21.8,0.0,0,16.5,34.2,1
Oued Zem,32.875,-6.5625,2026-09-14,37.8,23.0,0.0,10,19.1,37.4,3
Oued Zem,32.875,-6.5625,2026-09-15,35.3,22.0,0.0,0,22.6,45.0,3
Oued Zem,32.875,-6.5625,2026-09-16,32.1,17.4,0.0,0,20.6,41.0,1
Oued Zem,32.875,-6.5625,2026-09-17,30.0,16.2,0.0,5,16.5,34.6,3
Oued Zem,32.875,-6.5625,2026-09-18,31.1,14.6,0.0,15,16.5,38.2,3
Oued Zem,32.875,-6.5625,2026-09-19,33.6,18.7,0.0,11,12.4,33.1,2
Oued Zem,32.875,-6.5625,2026-09-20,35.4,19.4,0.0,3,16.1,40.3,2
Sefrou,33.8125,-4.8125,2026-09-14,34.7,24.7,0.0,0,19.2,41.0,3
Sefrou,33.8125,-4.8125,2026-09-15,32.8,23.2,0.0,0,16.8,36.4,3
Sefrou,33.8125,-4.8125,2026-09-16,29.1,18.4,0.0,0,18.4,40.0,1
Sefrou,33.8125,-4.8125,2026-09-17,25.3,17.6,0.0,15,15.0,35.3,3
Sefrou,33.8125,-4.8125,2026-09-18,28.4,16.6,0.0,13,16.5,36.0,3
Sefrou,33.8125,-4.8125,2026-09-19,33.0,18.0,0.9,3,14.5,28.4,80
Sefrou,33.8125,-4.8125,2026-09-20,34.9,19.8,0.0,3,21.0,42.1,2
Taroudannt,30.5,-8.875,2026-09-14,42.4,26.1,0.0,5,28.0,60.5,3
Taroudannt,30.5,-8.875,2026-09-15,41.4,26.6,0.0,8,21.9,41.4,3
Taroudannt,30.5,-8.875,2026-09-16,36.5,23.3,0.0,0,24.9,49.0,0
Taroudannt,30.5,-8.875,2026-09-17,30.4,18.7,0.0,0,25.3,52.2,45
Taroudannt,30.5,-8.875,2026-09-18,30.5,17.8,0.0,8,23.2,50.0,1
Taroudannt,30.5,-8.875,2026-09-19,38.4,17.7,0.0,8,18.9,36.7,45
Taroudannt,30.5,-8.875,2026-09-20,42.0,25.0,0.0,0,24.0,47.5,2
Essaouira,31.5,-9.75,2026-09-14,34.0,21.6,0.0,3,21.2,41.0,3
Essaouira,31.5,-9.75,2026-09-15,27.6,21.2,0.0,0,26.4,49.7,3
Essaouira,31.5,-9.75,2026-09-16,24.2,19.4,0.0,0,36.0,66.2,1
Essaouira,31.5,-9.75,2026-09-17,24.0,18.6,0.0,0,27.7,50.4,1
Essaouira,31.5,-9.75,2026-09-18,23.5,18.5,0.0,2,30.1,54.7,1
Essaouira,31.5,-9.75,2026-09-19,30.6,18.4,0.0,3,18.9,35.3,3
Essaouira,31.5,-9.75,2026-09-20,37.7,24.7,0.0,0,14.2,30.2,2
Azrou,33.4375,-5.25,2026-09-14,31.7,18.9,0.0,13,16.9,45.4,3
Azrou,33.4375,-5.25,2026-09-15,30.3,18.7,0.0,3,21.5,46.1,3
Azrou,33.4375,-5.25,2026-09-16,26.0,14.7,0.0,0,14.8,35.3,2
Azrou,33.4375,-5.25,2026-09-17,24.8,15.4,0.0,35,13.9,34.9,3
Azrou,33.4375,-5.25,2026-09-18,26.6,12.9,0.0,40,12.7,31.3,3
Azrou,33.4375,-5.25,2026-09-19,28.7,18.4,0.3,13,11.6,37.9,3
Azrou,33.4375,-5.25,2026-09-20,30.7,18.9,0.0,13,12.3,46.8,2
Guercif,34.25,-3.375,2026-09-14,32.5,19.5,0.0,0,25.0,46.4,1
Guercif,34.25,-3.375,2026-09-15,33.2,18.8,0.0,0,23.0,42.1,3
Guercif,34.25,-3.375,2026-09-16,34.3,18.5,0.0,0,25.6,47.5,2
Guercif,34.25,-3.375,2026-09-17,31.2,20.4,0.0,8,26.5,48.6,3
Guercif,34.25,-3.375,2026-09-18,30.2,18.2,0.0,13,27.8,52.6,3
Guercif,34.25,-3.375,2026-09-19,32.0,19.7,0.0,10,27.0,45.7,3
Guercif,34.25,-3.375,2026-09-20,33.0,20.5,0.0,10,26.5,46.8,2
Warzat,30.9375,-6.9375,2026-09-14,34.5,19.7,0.0,18,10.1,22.3,3
Warzat,30.9375,-6.9375,2026-09-15,29.9,22.0,0.1,20,28.7,59.0,3
Warzat,30.9375,-6.9375,2026-09-16,32.8,17.2,0.0,0,24.6,42.1,0
Warzat,30.9375,-6.9375,2026-09-17,33.2,16.5,0.0,20,10.7,20.5,2
Warzat,30.9375,-6.9375,2026-09-18,33.5,17.9,0.0,43,10.8,19.4,3
Warzat,30.9375,-6.9375,2026-09-19,30.1,19.1,0.0,28,16.1,29.9,3
Warzat,30.9375,-6.9375,2026-09-20,32.8,19.8,0.0,13,18.1,31.0,3
Fnidq,35.8125,-5.375,2026-09-14,26.0,22.2,0.0,0,23.2,45.4,2
Fnidq,35.8125,-5.375,2026-09-15,26.1,20.8,0.0,0,14.1,28.8,2
Fnidq,35.8125,-5.375,2026-09-16,30.3,18.7,0.0,0,28.5,53.6,3
Fnidq,35.8125,-5.375,2026-09-17,27.4,19.4,0.0,2,15.6,31.7,3
Fnidq,35.8125,-5.375,2026-09-18,24.9,20.1,0.0,10,17.6,33.8,45
Fnidq,35.8125,-5.375,2026-09-19,25.7,21.9,0.3,24,23.1,40.0,3
Fnidq,35.8125,-5.375,2026-09-20,25.4,22.5,0.0,5,22.0,39.6,3
Tan-Tan,28.435852,-11.147736,2026-09-14,39.8,26.8,0.0,16,27.2,46.4,2
Tan-Tan,28.435852,-11.147736,2026-09-15,35.0,23.3,0.0,0,21.1,40.0,0
Tan-Tan,28.435852,-11.147736,2026-09-16,30.2,20.2,0.0,0,24.9,46.1,0
Tan-Tan,28.435852,-11.147736,2026-09-17,25.6,19.9,0.0,0,29.5,52.9,3
Tan-Tan,28.435852,-11.147736,2026-09-18,25.3,19.4,0.0,0,26.8,49.0,2
Tan-Tan,28.435852,-11.147736,2026-09-19,28.4,20.0,0.0,0,18.6,37.4,3
Tan-Tan,28.435852,-11.147736,2026-09-20,31.0,17.7,0.0,2,14.8,41.4,3
Sidi Qacem,34.1875,-5.6875,2026-09-14,40.0,25.3,0.0,0,17.3,36.4,3
Sidi Qacem,34.1875,-5.6875,2026-09-15,34.8,21.8,0.0,0,18.0,37.8,3
Sidi Qacem,34.1875,-5.6875,2026-09-16,31.2,20.8,0.0,0,18.2,38.9,1
Sidi Qacem,34.1875,-5.6875,2026-09-17,28.0,18.8,0.0,0,13.0,28.4,3
Sidi Qacem,34.1875,-5.6875,2026-09-18,32.3,17.8,0.0,0,14.8,30.6,2
Sidi Qacem,34.1875,-5.6875,2026-09-19,38.0,21.0,0.0,0,14.2,38.9,2
Sidi Qacem,34.1875,-5.6875,2026-09-20,40.3,23.8,0.0,0,17.1,35.3,1
M’diq,35.625,-5.3125,2026-09-14,25.6,22.1,0.0,0,18.7,41.4,2
M’diq,35.625,-5.3125,2026-09-15,25.9,21.2,0.0,0,11.4,27.4,2
M’diq,35.625,-5.3125,2026-09-16,31.8,19.1,0.0,0,16.6,41.0,1
M’diq,35.625,-5.3125,2026-09-17,25.3,19.4,0.0,0,16.1,36.7,3
M’diq,35.625,-5.3125,2026-09-18,24.7,18.5,0.0,8,18.1,38.9,3
M’diq,35.625,-5.3125,2026-09-19,27.4,21.6,0.9,3,27.8,56.5,3
M’diq,35.625,-5.3125,2026-09-20,27.0,23.2,0.0,5,26.5,62.3,3
Youssoufia,32.25,-8.5,2026-09-14,40.4,26.9,0.0,0,23.1,49.0,3
Youssoufia,32.25,-8.5,2026-09-15,37.4,23.9,0.0,0,24.5,49.3,3
Youssoufia,32.25,-8.5,2026-09-16,31.6,18.8,0.0,0,21.9,43.9,1
Youssoufia,32.25,-8.5,2026-09-17,28.0,17.2,0.0,2,17.7,36.7,2
Youssoufia,32.25,-8.5,2026-09-18,30.6,16.9,0.0,5,18.6,36.7,45
Youssoufia,32.25,-8.5,2026-09-19,35.3,17.3,0.6,5,13.8,28.8,80
Youssoufia,32.25,-8.5,2026-09-20,38.8,22.2,0.0,5,20.8,47.5,3
Midalt,32.6875,-4.75,2026-09-14,30.6,17.0,0.1,13,17.4,42.8,3
Midalt,32.6875,-4.75,2026-09-15,30.0,17.2,0.1,5,17.4,33.1,3
Midalt,32.6875,-4.75,2026-09-16,26.9,17.2,0.0,0,25.3,46.1,2
Midalt,32.6875,-4.75,2026-09-17,28.2,14.5,0.0,45,27.3,48.6,3
Midalt,32.6875,-4.75,2026-09-18,26.9,13.4,0.0,19,19.6,35.6,3
Midalt,32.6875,-4.75,2026-09-19,28.9,14.8,0.0,5,21.6,33.8,45
Midalt,32.6875,-4.75,2026-09-20,30.4,13.7,0.0,5,15.8,26.3,3
Aïn Harrouda,33.625,-7.4375,2026-09-14,33.6,23.4,0.0,0,11.4,30.6,1
Aïn Harrouda,33.625,-7.4375,2026-09-15,28.8,21.3,0.0,0,13.0,34.6,45
Aïn Harrouda,33.625,-7.4375,2026-09-16,26.0,20.5,0.0,0,15.9,40.7,3
Aïn Harrouda,33.625,-7.4375,2026-09-17,26.2,19.3,0.0,0,13.8,36.4,3
Aïn Harrouda,33.625,-7.4375,2026-09-18,26.1,16.9,0.0,0,15.6,39.6,45
Aïn Harrouda,33.625,-7.4375,2026-09-19,27.6,19.0,0.0,0,14.0,32.0,45
Aïn Harrouda,33.625,-7.4375,2026-09-20,30.1,21.2,0.0,0,14.0,32.8,0
Souq Sebt Oulad Nemma,32.3125,-6.6875,2026-09-14,41.3,23.3,0.0,3,15.0,28.4,3
Souq Sebt Oulad Nemma,32.3125,-6.6875,2026-09-15,39.1,25.3,0.0,3,21.3,35.6,3
Souq Sebt Oulad Nemma,32.3125,-6.6875,2026-09-16,35.6,19.8,0.0,0,17.3,34.6,1
Souq Sebt Oulad Nemma,32.3125,-6.6875,2026-09-17,32.3,17.5,0.0,5,14.8,28.1,2
Souq Sebt Oulad Nemma,32.3125,-6.6875,2026-09-18,34.2,17.9,0.0,14,7.1,15.1,2
Souq Sebt Oulad Nemma,32.3125,-6.6875,2026-09-19,37.9,19.4,0.0,14,16.6,45.4,3
Souq Sebt Oulad Nemma,32.3125,-6.6875,2026-09-20,39.6,21.5,0.0,3,13.9,26.3,2
Mehdya,34.25,-6.625,2026-09-14,33.4,22.5,0.0,0,10.4,24.5,0
Mehdya,34.25,-6.625,2026-09-15,27.4,21.0,0.0,0,12.7,29.2,45
Mehdya,34.25,-6.625,2026-09-16,26.2,20.8,0.0,0,17.3,37.4,2
Mehdya,34.25,-6.625,2026-09-17,26.2,18.5,0.0,0,12.7,29.9,3
Mehdya,34.25,-6.625,2026-09-18,27.4,17.5,0.0,0,16.6,36.4,45
Mehdya,34.25,-6.625,2026-09-19,29.1,17.1,0.0,3,13.7,32.4,3
Mehdya,34.25,-6.625,2026-09-20,33.7,19.9,0.0,0,16.1,36.0,0
Ouezzane,34.8125,-5.625,2026-09-14,38.8,21.6,0.0,0,17.1,33.5,0
Ouezzane,34.8125,-5.625,2026-09-15,35.6,20.1,0.0,0,18.3,36.7,2
Ouezzane,34.8125,-5.625,2026-09-16,30.3,17.7,0.0,0,17.0,33.5,2
Ouezzane,34.8125,-5.625,2026-09-17,26.8,17.7,0.0,0,11.6,22.7,3
Ouezzane,34.8125,-5.625,2026-09-18,31.5,15.2,0.0,5,13.1,32.0,2
Ouezzane,34.8125,-5.625,2026-09-19,37.1,17.0,0.0,5,15.5,29.9,3
Ouezzane,34.8125,-5.625,2026-09-20,40.1,20.6,0.0,5,11.6,24.1,3
Ait Ourir,31.5625,-7.6875,2026-09-14,37.9,25.2,0.0,3,21.8,40.3,3
Ait Ourir,31.5625,-7.6875,2026-09-15,36.2,24.1,0.0,3,19.2,36.0,3
Ait Ourir,31.5625,-7.6875,2026-09-16,32.9,19.8,0.0,0,14.2,27.4,0
Ait Ourir,31.5625,-7.6875,2026-09-17,28.9,17.0,0.0,5,10.8,21.6,2
Ait Ourir,31.5625,-7.6875,2026-09-18,30.2,17.1,0.0,21,12.0,24.5,3
Ait Ourir,31.5625,-7.6875,2026-09-19,34.1,18.5,0.9,17,9.7,19.1,3
Ait Ourir,31.5625,-7.6875,2026-09-20,36.7,19.6,0.0,8,16.3,31.3,3
Oulad Tayeb,33.9375,-5.0,2026-09-14,37.9,22.7,0.0,0,15.5,31.0,3
Oulad Tayeb,33.9375,-5.0,2026-09-15,34.9,23.1,0.0,0,16.9,31.7,3
Oulad Tayeb,33.9375,-5.0,2026-09-16,31.1,20.5,0.0,0,17.3,32.4,1
Oulad Tayeb,33.9375,-5.0,2026-09-17,27.3,18.2,0.0,8,13.3,27.0,45
Oulad Tayeb,33.9375,-5.0,2026-09-18,31.4,17.6,0.0,13,14.0,27.0,3
Oulad Tayeb,33.9375,-5.0,2026-09-19,36.7,20.3,0.0,5,9.7,25.2,3
Oulad Tayeb,33.9375,-5.0,2026-09-20,38.2,22.8,0.0,5,17.2,41.0,2
Tit Mellil,33.5625,-7.5,2026-09-14,34.2,23.7,0.0,0,12.8,33.8,2
Tit Mellil,33.5625,-7.5,2026-09-15,29.6,21.1,0.0,0,13.7,35.6,45
Tit Mellil,33.5625,-7.5,2026-09-16,26.1,20.1,0.0,0,15.9,41.0,3
Tit Mellil,33.5625,-7.5,2026-09-17,26.1,18.7,0.0,0,13.5,35.6,3
Tit Mellil,33.5625,-7.5,2026-09-18,26.1,16.9,0.0,0,16.6,41.8,45
Tit Mellil,33.5625,-7.5,2026-09-19,28.0,19.1,0.0,3,13.1,34.9,45
Tit Mellil,33.5625,-7.5,2026-09-20,31.1,20.5,0.0,3,13.3,35.3,45
Sidi Bennour,32.625,-8.4375,2026-09-14,40.9,22.6,0.0,0,26.8,46.1,3
Sidi Bennour,32.625,-8.4375,2026-09-15,36.8,20.8,0.0,0,24.9,44.6,3
Sidi Bennour,32.625,-8.4375,2026-09-16,30.0,18.2,0.0,0,23.5,40.7,45
Sidi Bennour,32.625,-8.4375,2026-09-17,27.7,17.4,0.0,2,20.1,34.2,3
Sidi Bennour,32.625,-8.4375,2026-09-18,30.3,16.6,0.0,3,21.0,37.8,45
Sidi Bennour,32.625,-8.4375,2026-09-19,34.3,17.7,0.0,3,17.7,34.2,3
Sidi Bennour,32.625,-8.4375,2026-09-20,39.1,20.2,0.0,0,19.1,34.9,1
Temsia,30.375,-9.4375,2026-09-14,40.3,26.0,0.0,8,21.7,46.1,3
Temsia,30.375,-9.4375,2026-09-15,37.4,26.1,0.0,3,20.1,41.0,3
Temsia,30.375,-9.4375,2026-09-16,31.0,22.2,0.0,0,20.9,45.0,1
Temsia,30.375,-9.4375,2026-09-17,27.8,20.4,0.0,0,20.8,42.8,2
Temsia,30.375,-9.4375,2026-09-18,27.6,19.6,0.0,10,20.3,42.8,3
Temsia,30.375,-9.4375,2026-09-19,35.6,19.3,0.0,4,17.8,31.7,2
Temsia,30.375,-9.4375,2026-09-20,40.9,24.8,0.0,0,28.8,50.0,2
Biougra,30.1875,-9.375,2026-09-14,40.3,27.6,0.0,5,21.1,34.6,3
Biougra,30.1875,-9.375,2026-09-15,38.3,26.6,0.0,3,24.8,40.7,2
Biougra,30.1875,-9.375,2026-09-16,32.2,22.9,0.0,0,33.4,55.1,1
Biougra,30.1875,-9.375,2026-09-17,27.4,20.5,0.0,0,31.6,52.2,2
Biougra,30.1875,-9.375,2026-09-18,27.7,20.0,0.0,5,25.7,42.8,2
Biougra,30.1875,-9.375,2026-09-19,32.4,19.3,0.0,3,20.2,33.5,2
Biougra,30.1875,-9.375,2026-09-20,39.8,23.4,0.0,0,28.2,48.6,1
Al Hoceïma,35.1875,-3.875,2026-09-14,29.2,19.5,0.0,0,16.0,29.5,1
Al Hoceïma,35.1875,-3.875,2026-09-15,25.9,19.4,0.0,0,11.2,20.5,45
Al Hoceïma,35.1875,-3.875,2026-09-16,27.9,19.3,0.0,0,10.8,21.6,45
Al Hoceïma,35.1875,-3.875,2026-09-17,25.4,20.0,0.0,3,14.0,25.2,3
Al Hoceïma,35.1875,-3.875,2026-09-18,26.0,19.1,0.0,5,17.3,32.4,45
Al Hoceïma,35.1875,-3.875,2026-09-19,27.7,19.5,0.0,5,14.9,28.8,3
Al Hoceïma,35.1875,-3.875,2026-09-20,27.7,22.0,0.0,0,12.5,22.7,45
Qasbat Tadla,32.625,-6.25,2026-09-14,40.6,21.3,0.0,3,19.3,37.8,3
Qasbat Tadla,32.625,-6.25,2026-09-15,38.1,22.7,0.0,0,20.2,37.1,3
Qasbat Tadla,32.625,-6.25,2026-09-16,34.5,18.0,0.0,0,17.7,38.5,1
Qasbat Tadla,32.625,-6.25,2026-09-17,32.2,17.0,0.0,7,10.8,24.5,3
Qasbat Tadla,32.625,-6.25,2026-09-18,34.0,15.9,0.0,23,14.3,25.2,3
Qasbat Tadla,32.625,-6.25,2026-09-19,36.4,19.6,0.3,11,11.3,28.1,3
Qasbat Tadla,32.625,-6.25,2026-09-20,38.6,18.6,0.0,10,12.6,25.6,1
Aziylal,31.9375,-6.5625,2026-09-14,31.8,19.5,0.0,18,18.7,39.6,3
Aziylal,31.9375,-6.5625,2026-09-15,29.0,20.3,0.3,13,30.6,76.3,63
Aziylal,31.9375,-6.5625,2026-09-16,26.6,15.5,0.0,0,18.0,37.8,0
Aziylal,31.9375,-6.5625,2026-09-17,25.5,15.1,0.0,29,17.3,36.4,3
Aziylal,31.9375,-6.5625,2026-09-18,26.3,14.3,0.0,38,15.6,33.1,3
Aziylal,31.9375,-6.5625,2026-09-19,27.8,18.3,9.3,17,15.0,32.0,63
Aziylal,31.9375,-6.5625,2026-09-20,28.8,16.9,0.0,15,12.3,32.8,3
Boujad,32.75,-6.375,2026-09-14,38.7,21.8,0.0,0,15.0,27.4,3
Boujad,32.75,-6.375,2026-09-15,35.8,23.4,0.0,0,22.1,40.0,3
Boujad,32.75,-6.375,2026-09-16,32.6,17.7,0.0,0,21.5,41.8,1
Boujad,32.75,-6.375,2026-09-17,31.0,16.6,0.0,12,16.3,33.5,3
Boujad,32.75,-6.375,2026-09-18,32.4,16.0,0.0,20,18.0,36.7,3
Boujad,32.75,-6.375,2026-09-19,34.5,19.5,0.3,7,12.6,25.6,80
Boujad,32.75,-6.375,2026-09-20,36.4,20.8,0.0,3,13.7,35.3,2
Al Aaroui,35.0,-3.0,2026-09-14,27.6,20.8,0.0,0,23.2,40.7,45
Al Aaroui,35.0,-3.0,2026-09-15,28.2,19.2,0.0,0,17.3,30.6,45
Al Aaroui,35.0,-3.0,2026-09-16,32.9,16.5,0.0,0,16.2,28.4,1
Al Aaroui,35.0,-3.0,2026-09-17,27.4,19.4,0.0,2,16.8,31.0,3
Al Aaroui,35.0,-3.0,2026-09-18,26.8,18.2,0.0,5,24.2,43.6,45
Al Aaroui,35.0,-3.0,2026-09-19,28.8,20.5,0.0,8,20.2,36.4,3
Al Aaroui,35.0,-3.0,2026-09-20,29.3,20.8,0.0,5,17.7,36.0,45
Mrirt,33.1875,-5.5625,2026-09-14,35.4,20.7,0.0,10,22.7,45.7,3
Mrirt,33.1875,-5.5625,2026-09-15,33.4,19.9,0.0,10,21.8,43.2,3
Mrirt,33.1875,-5.5625,2026-09-16,30.0,15.0,0.0,0,20.0,41.0,1
Mrirt,33.1875,-5.5625,2026-09-17,29.0,15.5,0.0,45,17.8,36.4,3
Mrirt,33.1875,-5.5625,2026-09-18,29.9,13.5,0.0,35,18.4,36.7,3
Mrirt,33.1875,-5.5625,2026-09-19,31.3,16.7,0.0,8,19.1,39.6,2
Mrirt,33.1875,-5.5625,2026-09-20,33.7,16.7,0.0,8,16.9,33.5,3
Tineghir,31.5,-5.5625,2026-09-14,34.1,21.2,0.0,5,25.8,45.7,3
Tineghir,31.5,-5.5625,2026-09-15,30.0,20.3,0.1,25,28.4,50.8,61
Tineghir,31.5,-5.5625,2026-09-16,31.2,17.0,0.0,0,28.7,44.3,1
Tineghir,31.5,-5.5625,2026-09-17,31.5,17.6,0.0,45,20.6,33.1,3
Tineghir,31.5,-5.5625,2026-09-18,31.3,18.7,0.0,45,12.2,26.3,3
Tineghir,31.5,-5.5625,2026-09-19,27.8,19.8,0.45,36,13.0,26.3,3
Tineghir,31.5,-5.5625,2026-09-20,30.6,18.0,0.0,16,14.8,23.4,1
Bouknadel,34.1875,-6.6875,2026-09-14,31.1,22.4,0.0,0,9.9,18.0,0
Bouknadel,34.1875,-6.6875,2026-09-15,26.0,21.0,0.0,0,15.9,28.1,45
Bouknadel,34.1875,-6.6875,2026-09-16,25.1,20.7,0.0,0,21.2,36.7,2
Bouknadel,34.1875,-6.6875,2026-09-17,25.0,18.7,0.0,0,14.4,26.3,3
Bouknadel,34.1875,-6.6875,2026-09-18,25.5,17.7,0.0,0,18.4,31.7,45
Bouknadel,34.1875,-6.6875,2026-09-19,29.1,17.2,0.0,3,13.7,32.4,3
Bouknadel,34.1875,-6.6875,2026-09-20,33.6,19.9,0.0,0,16.1,36.0,0
Zagora,30.3125,-5.8125,2026-09-14,38.7,24.1,0.0,5,16.6,31.0,3
Zagora,30.3125,-5.8125,2026-09-15,34.9,27.4,0.0,13,33.0,59.0,61
Zagora,30.3125,-5.8125,2026-09-16,37.2,23.1,0.0,0,14.0,23.8,1
Zagora,30.3125,-5.8125,2026-09-17,36.9,24.0,0.0,13,20.5,32.0,2
Zagora,30.3125,-5.8125,2026-09-18,36.8,23.8,0.0,20,16.6,26.3,2
Zagora,30.3125,-5.8125,2026-09-19,33.9,24.0,0.0,20,25.6,39.6,2
Zagora,30.3125,-5.8125,2026-09-20,35.7,25.9,0.0,0,19.1,30.6,3
Azemmour,33.3125,-8.3125,2026-09-14,31.9,20.3,0.0,0,15.2,27.7,1
Azemmour,33.3125,-8.3125,2026-09-15,28.4,21.1,0.0,0,17.3,31.7,45
Azemmour,33.3125,-8.3125,2026-09-16,26.1,19.9,0.0,0,19.6,36.0,45
Azemmour,33.3125,-8.3125,2026-09-17,26.1,18.1,0.0,2,14.8,27.0,3
Azemmour,33.3125,-8.3125,2026-09-18,25.9,17.5,0.0,3,20.3,36.7,45
Azemmour,33.3125,-8.3125,2026-09-19,27.1,19.7,0.0,3,18.4,34.9,3
Azemmour,33.3125,-8.3125,2026-09-20,29.2,21.1,0.0,0,17.3,32.8,45
El Hajeb,33.6875,-5.375,2026-09-14,34.9,23.6,0.1,8,21.1,43.6,3
El Hajeb,33.6875,-5.375,2026-09-15,32.8,21.1,0.0,3,20.4,42.5,3
El Hajeb,33.6875,-5.375,2026-09-16,28.7,18.5,0.0,0,20.0,41.4,1
El Hajeb,33.6875,-5.375,2026-09-17,25.5,16.2,0.0,18,15.6,32.8,3
El Hajeb,33.6875,-5.375,2026-09-18,27.5,14.6,0.0,18,18.3,38.2,3
El Hajeb,33.6875,-5.375,2026-09-19,32.8,17.2,0.0,7,11.9,22.7,3
El Hajeb,33.6875,-5.375,2026-09-20,34.6,20.7,0.0,8,20.4,41.4,2
Jerada,34.3125,-2.1875,2026-09-14,31.2,18.2,0.0,0,16.9,34.2,1
Jerada,34.3125,-2.1875,2026-09-15,31.1,19.7,0.0,0,17.7,34.2,3
Jerada,34.3125,-2.1875,2026-09-16,28.9,19.0,0.0,0,22.9,43.2,1
Jerada,34.3125,-2.1875,2026-09-17,26.8,17.2,0.0,9,13.9,35.6,3
Jerada,34.3125,-2.1875,2026-09-18,27.1,14.9,0.0,25,18.7,49.3,3
Jerada,34.3125,-2.1875,2026-09-19,33.2,14.9,0.0,10,16.8,37.1,3
Jerada,34.3125,-2.1875,2026-09-20,32.4,17.3,0.0,10,17.1,33.8,3
El Aïoun,34.5625,-2.5,2026-09-14,32.5,17.7,0.0,0,16.0,27.4,1
El Aïoun,34.5625,-2.5,2026-09-15,32.3,16.9,0.0,0,12.0,21.2,3
El Aïoun,34.5625,-2.5,2026-09-16,31.8,16.3,0.0,0,21.2,36.7,0
El Aïoun,34.5625,-2.5,2026-09-17,28.7,16.4,0.0,3,15.8,28.1,3
El Aïoun,34.5625,-2.5,2026-09-18,28.3,14.9,0.0,25,18.7,32.4,45
El Aïoun,34.5625,-2.5,2026-09-19,31.5,16.4,0.0,6,14.4,25.6,3
El Aïoun,34.5625,-2.5,2026-09-20,31.4,17.7,0.0,5,13.8,26.3,45
Tameslouht,31.5,-8.125,2026-09-14,39.4,26.5,0.0,5,26.8,47.9,3
Tameslouht,31.5,-8.125,2026-09-15,37.3,25.1,0.0,3,23.1,37.8,3
Tameslouht,31.5,-8.125,2026-09-16,34.0,21.2,0.0,0,19.7,33.8,0
Tameslouht,31.5,-8.125,2026-09-17,29.6,17.5,0.0,3,12.9,22.3,1
Tameslouht,31.5,-8.125,2026-09-18,31.2,17.7,0.0,18,11.4,20.2,2
Tameslouht,31.5,-8.125,2026-09-19,35.4,19.0,0.6,12,14.8,40.3,3
Tameslouht,31.5,-8.125,2026-09-20,37.3,21.2,0.0,8,12.8,26.3,2
Sidi Yahia El Gharb,34.3125,-6.3125,2026-09-14,37.6,22.4,0.0,0,17.1,31.3,0
Sidi Yahia El Gharb,34.3125,-6.3125,2026-09-15,31.5,20.4,0.0,0,19.3,34.9,2
Sidi Yahia El Gharb,34.3125,-6.3125,2026-09-16,28.0,20.4,0.0,0,20.8,37.1,2
Sidi Yahia El Gharb,34.3125,-6.3125,2026-09-17,27.3,18.2,0.0,0,14.8,28.4,3
Sidi Yahia El Gharb,34.3125,-6.3125,2026-09-18,29.3,16.9,0.0,0,19.7,36.4,45
Sidi Yahia El Gharb,34.3125,-6.3125,2026-09-19,34.6,17.4,0.0,3,20.9,38.2,2
Sidi Yahia El Gharb,34.3125,-6.3125,2026-09-20,39.1,21.1,0.0,0,20.7,37.4,1
Chichaoua,31.5625,-8.75,2026-09-14,40.5,23.8,0.0,0,24.6,40.3,3
Chichaoua,31.5625,-8.75,2026-09-15,38.2,25.0,0.0,8,26.7,42.8,3
Chichaoua,31.5625,-8.75,2026-09-16,34.3,21.1,0.0,0,25.6,41.4,0
Chichaoua,31.5625,-8.75,2026-09-17,29.8,17.9,0.0,0,17.3,28.8,2
Chichaoua,31.5625,-8.75,2026-09-18,31.5,17.9,0.0,5,17.5,30.2,2
Chichaoua,31.5625,-8.75,2026-09-19,36.0,18.7,0.9,9,14.0,46.1,61
Chichaoua,31.5625,-8.75,2026-09-20,37.3,21.8,0.0,10,10.2,19.8,3
Al ’Attawia,31.8125,-7.3125,2026-09-14,38.3,23.6,0.0,3,20.9,37.4,3
Al ’Attawia,31.8125,-7.3125,2026-09-15,36.5,23.5,0.0,3,20.3,36.4,3
Al ’Attawia,31.8125,-7.3125,2026-09-16,32.8,18.3,0.0,0,17.1,29.9,0
Al ’Attawia,31.8125,-7.3125,2026-09-17,29.1,16.4,0.0,8,12.9,24.5,45
Al ’Attawia,31.8125,-7.3125,2026-09-18,30.2,16.5,0.0,16,15.0,26.6,2
Al ’Attawia,31.8125,-7.3125,2026-09-19,34.3,16.9,0.6,16,12.3,35.3,80
Al ’Attawia,31.8125,-7.3125,2026-09-20,36.7,18.5,0.0,8,17.3,29.5,3
Tabount,30.875,-6.9375,2026-09-14,34.6,21.1,0.0,18,11.6,23.8,3
Tabount,30.875,-6.9375,2026-09-15,30.1,22.6,0.2,20,19.4,65.5,3
Tabount,30.875,-6.9375,2026-09-16,33.1,18.9,0.0,0,24.0,39.2,0
Tabount,30.875,-6.9375,2026-09-17,33.7,18.0,0.0,20,12.9,22.0,3
Tabount,30.875,-6.9375,2026-09-18,33.8,19.1,0.0,43,11.4,26.6,3
Tabount,30.875,-6.9375,2026-09-19,30.0,19.0,0.0,28,16.1,29.9,3
Tabount,30.875,-6.9375,2026-09-20,32.7,19.7,0.0,13,18.1,31.0,3
Zaïo,34.9375,-2.75,2026-09-14,30.0,19.7,0.0,0,13.3,35.6,45
Zaïo,34.9375,-2.75,2026-09-15,29.4,18.8,0.0,0,10.8,25.6,45
Zaïo,34.9375,-2.75,2026-09-16,33.2,18.4,0.0,0,15.2,34.2,45
Zaïo,34.9375,-2.75,2026-09-17,27.6,19.4,0.0,3,12.8,32.8,45
Zaïo,34.9375,-2.75,2026-09-18,27.8,18.9,0.0,3,15.7,36.0,45
Zaïo,34.9375,-2.75,2026-09-19,28.7,19.8,0.0,4,19.7,34.6,3
Zaïo,34.9375,-2.75,2026-09-20,29.1,20.9,0.0,3,19.8,35.6,45
Aguelmous,33.125,-5.8125,2026-09-14,34.7,21.4,0.0,25,16.9,38.2,3
Aguelmous,33.125,-5.8125,2026-09-15,32.6,18.8,0.0,5,22.1,43.6,3
Aguelmous,33.125,-5.8125,2026-09-16,29.6,15.6,0.0,0,19.5,41.4,1
Aguelmous,33.125,-5.8125,2026-09-17,28.4,15.8,0.0,30,15.2,31.7,3
Aguelmous,33.125,-5.8125,2026-09-18,29.9,13.9,0.0,35,20.6,40.7,2
Aguelmous,33.125,-5.8125,2026-09-19,31.0,17.0,0.3,12,15.8,34.9,3
Aguelmous,33.125,-5.8125,2026-09-20,33.3,17.6,0.0,13,16.9,32.8,2
Asilah,35.5,-6.0,2026-09-14,32.4,23.5,0.0,0,23.5,42.5,0
Asilah,35.5,-6.0,2026-09-15,32.5,22.0,0.0,0,21.1,38.9,0
Asilah,35.5,-6.0,2026-09-16,25.3,19.8,0.0,0,21.9,39.6,3
Asilah,35.5,-6.0,2026-09-17,24.1,19.2,0.0,0,16.6,30.2,3
Asilah,35.5,-6.0,2026-09-18,28.6,17.1,0.0,0,25.5,49.0,2
Asilah,35.5,-6.0,2026-09-19,36.5,21.6,0.0,3,19.2,34.9,2
Asilah,35.5,-6.0,2026-09-20,37.8,23.3,0.0,3,18.1,36.0,1
Imzouren,35.125,-3.875,2026-09-14,29.9,19.3,0.0,0,14.6,26.6,1
Imzouren,35.125,-3.875,2026-09-15,26.5,19.1,0.0,0,12.3,22.7,3
Imzouren,35.125,-3.875,2026-09-16,29.0,19.9,0.0,3,11.8,21.6,1
Imzouren,35.125,-3.875,2026-09-17,25.9,19.6,0.0,3,14.4,26.6,3
Imzouren,35.125,-3.875,2026-09-18,26.3,18.7,0.0,13,16.2,30.2,3
Imzouren,35.125,-3.875,2026-09-19,30.2,19.3,0.0,3,12.0,23.4,3
Imzouren,35.125,-3.875,2026-09-20,30.7,20.9,0.0,0,11.7,23.4,3
Mediouna,33.4375,-7.5,2026-09-14,38.4,23.9,0.0,0,19.6,35.3,3
Mediouna,33.4375,-7.5,2026-09-15,33.1,20.7,0.0,0,18.3,33.5,45
Mediouna,33.4375,-7.5,2026-09-16,27.8,19.2,0.0,0,19.8,35.3,45
Mediouna,33.4375,-7.5,2026-09-17,27.1,18.2,0.0,0,15.0,28.4,3
Mediouna,33.4375,-7.5,2026-09-18,27.8,16.2,0.0,0,20.2,37.4,45
Mediouna,33.4375,-7.5,2026-09-19,27.6,18.4,0.0,5,13.1,34.9,45
Mediouna,33.4375,-7.5,2026-09-20,30.7,20.1,0.0,5,13.3,35.3,45
Demnat,31.75,-7.0625,2026-09-14,35.4,23.4,0.0,3,19.5,38.2,3
Demnat,31.75,-7.0625,2026-09-15,33.1,21.7,0.0,8,20.0,39.6,3
Demnat,31.75,-7.0625,2026-09-16,29.9,17.5,0.0,0,18.0,34.2,0
Demnat,31.75,-7.0625,2026-09-17,26.3,15.0,0.0,13,13.5,26.3,1
Demnat,31.75,-7.0625,2026-09-18,27.8,14.7,0.0,25,12.4,23.4,1
Demnat,31.75,-7.0625,2026-09-19,31.2,16.1,0.3,14,13.4,36.0,3
Demnat,31.75,-7.0625,2026-09-20,33.7,17.8,0.3,15,13.1,35.3,3
Aïn Taoujdat,33.9375,-5.1875,2026-09-14,37.5,22.1,0.0,3,17.2,33.1,3
Aïn Taoujdat,33.9375,-5.1875,2026-09-15,34.4,21.8,0.0,0,18.4,38.5,3
Aïn Taoujdat,33.9375,-5.1875,2026-09-16,31.1,20.3,0.0,0,19.0,36.7,1
Aïn Taoujdat,33.9375,-5.1875,2026-09-17,26.4,17.6,0.0,10,15.1,28.8,45
Aïn Taoujdat,33.9375,-5.1875,2026-09-18,30.7,16.5,0.0,10,14.2,28.4,3
Aïn Taoujdat,33.9375,-5.1875,2026-09-19,36.3,19.2,0.3,5,13.5,26.3,3
Aïn Taoujdat,33.9375,-5.1875,2026-09-20,37.9,21.3,0.0,5,17.9,33.8,1
Sidi Smai’il,32.8125,-8.5,2026-09-14,39.8,22.4,0.0,0,21.1,36.7,1
Sidi Smai’il,32.8125,-8.5,2026-09-15,35.0,20.9,0.0,0,22.3,38.5,3
Sidi Smai’il,32.8125,-8.5,2026-09-16,28.4,19.3,0.0,0,21.6,37.4,2
Sidi Smai’il,32.8125,-8.5,2026-09-17,27.1,17.9,0.0,2,17.6,31.3,3
Sidi Smai’il,32.8125,-8.5,2026-09-18,28.8,17.3,0.0,3,20.7,37.8,45
Sidi Smai’il,32.8125,-8.5,2026-09-19,31.3,18.5,0.0,0,18.8,34.2,3
Sidi Smai’il,32.8125,-8.5,2026-09-20,36.4,20.7,0.0,0,19.1,35.3,0
Moulay Bousselham,34.875,-6.25,2026-09-14,33.7,21.2,0.0,0,15.4,25.9,0
Moulay Bousselham,34.875,-6.25,2026-09-15,28.1,19.1,0.0,0,28.0,46.1,45
Moulay Bousselham,34.875,-6.25,2026-09-16,25.2,19.4,0.0,0,18.2,30.2,45
Moulay Bousselham,34.875,-6.25,2026-09-17,24.8,18.4,0.0,0,12.9,22.0,45
Moulay Bousselham,34.875,-6.25,2026-09-18,25.3,15.6,0.0,0,19.7,32.8,45
Moulay Bousselham,34.875,-6.25,2026-09-19,30.7,17.4,0.0,3,18.6,32.8,3
Moulay Bousselham,34.875,-6.25,2026-09-20,35.9,20.1,0.0,3,19.5,35.3,0
Mechraa Bel Ksiri,34.5625,-5.9375,2026-09-14,39.6,24.3,0.0,0,18.9,34.9,0
Mechraa Bel Ksiri,34.5625,-5.9375,2026-09-15,34.9,20.8,0.0,0,19.5,37.1,1
Mechraa Bel Ksiri,34.5625,-5.9375,2026-09-16,29.6,19.8,0.0,0,18.6,34.2,2
Mechraa Bel Ksiri,34.5625,-5.9375,2026-09-17,27.7,19.0,0.0,0,12.4,23.8,3
Mechraa Bel Ksiri,34.5625,-5.9375,2026-09-18,31.8,16.2,0.0,0,15.4,34.6,45
Mechraa Bel Ksiri,34.5625,-5.9375,2026-09-19,36.2,18.7,0.0,0,19.6,36.4,3
Mechraa Bel Ksiri,34.5625,-5.9375,2026-09-20,40.6,20.9,0.0,0,15.3,34.9,1
Souk et Tnine Jorf el Mellah,34.5,-5.5,2026-09-14,40.0,26.5,0.0,0,16.6,31.3,0
Souk et Tnine Jorf el Mellah,34.5,-5.5,2026-09-15,36.0,22.0,0.0,0,19.0,36.4,3
Souk et Tnine Jorf el Mellah,34.5,-5.5,2026-09-16,31.4,20.4,0.0,0,19.3,36.0,2
Souk et Tnine Jorf el Mellah,34.5,-5.5,2026-09-17,28.1,19.8,0.0,0,12.5,23.8,3
Souk et Tnine Jorf el Mellah,34.5,-5.5,2026-09-18,33.1,17.4,0.0,3,10.5,18.7,45
Souk et Tnine Jorf el Mellah,34.5,-5.5,2026-09-19,39.0,20.9,0.0,3,16.2,29.9,2
Souk et Tnine Jorf el Mellah,34.5,-5.5,2026-09-20,41.1,22.5,0.0,3,12.3,27.4,1
Zeghanghane,35.125,-3.0,2026-09-14,27.1,21.3,0.0,0,22.1,40.7,2
Zeghanghane,35.125,-3.0,2026-09-15,27.8,20.0,0.0,0,14.2,28.8,45
Zeghanghane,35.125,-3.0,2026-09-16,31.8,17.6,0.0,0,13.4,26.3,45
Zeghanghane,35.125,-3.0,2026-09-17,26.9,20.0,0.0,3,10.5,22.7,3
Zeghanghane,35.125,-3.0,2026-09-18,26.3,19.4,0.0,5,19.5,38.5,3
Zeghanghane,35.125,-3.0,2026-09-19,27.9,21.6,0.0,8,18.9,34.6,3
Zeghanghane,35.125,-3.0,2026-09-20,27.9,21.8,0.0,3,19.2,35.3,3
Oulad Barhil,30.625,-8.5,2026-09-14,40.4,23.0,0.0,10,34.4,63.0,3
Oulad Barhil,30.625,-8.5,2026-09-15,39.2,24.9,0.1,20,21.6,59.4,3
Oulad Barhil,30.625,-8.5,2026-09-16,35.8,21.0,0.0,0,27.5,51.1,0
Oulad Barhil,30.625,-8.5,2026-09-17,30.2,17.5,0.0,0,31.3,56.9,1
Oulad Barhil,30.625,-8.5,2026-09-18,30.6,16.4,0.0,15,28.0,54.7,1
Oulad Barhil,30.625,-8.5,2026-09-19,35.8,18.1,0.6,7,23.5,40.3,3
Oulad Barhil,30.625,-8.5,2026-09-20,38.5,25.1,0.0,3,15.8,28.8,3
Bir Jdid,33.375,-8.0,2026-09-14,33.4,22.4,0.0,0,15.6,30.2,1
Bir Jdid,33.375,-8.0,2026-09-15,29.4,20.8,0.0,0,17.0,33.5,45
Bir Jdid,33.375,-8.0,2026-09-16,25.9,19.7,0.0,0,19.8,37.8,45
Bir Jdid,33.375,-8.0,2026-09-17,25.9,18.3,0.0,2,16.6,32.0,3
Bir Jdid,33.375,-8.0,2026-09-18,26.0,17.2,0.0,3,21.3,41.4,2
Bir Jdid,33.375,-8.0,2026-09-19,27.9,19.0,0.0,3,19.5,37.1,45
Bir Jdid,33.375,-8.0,2026-09-20,30.9,20.1,0.0,0,17.9,35.6,45
Bou Arfa,32.5,-1.9375,2026-09-14,34.3,21.5,0.1,8,14.5,29.5,3
Bou Arfa,32.5,-1.9375,2026-09-15,32.2,20.3,0.2,15,20.3,31.7,3
Bou Arfa,32.5,-1.9375,2026-09-16,29.3,20.2,0.0,5,15.6,24.8,3
Bou Arfa,32.5,-1.9375,2026-09-17,30.3,17.5,0.6,27,21.8,33.8,3
Bou Arfa,32.5,-1.9375,2026-09-18,29.3,17.9,0.0,34,16.1,23.8,3
Bou Arfa,32.5,-1.9375,2026-09-19,32.1,20.2,0.0,18,11.4,22.0,3
Bou Arfa,32.5,-1.9375,2026-09-20,31.5,18.8,0.0,10,13.8,19.8,3
Tahannawt,31.375,-7.9375,2026-09-14,35.6,24.2,0.0,5,24.1,56.9,3
Tahannawt,31.375,-7.9375,2026-09-15,33.8,22.5,0.0,3,19.2,37.4,3
Tahannawt,31.375,-7.9375,2026-09-16,30.7,18.4,0.0,0,17.5,33.1,0
Tahannawt,31.375,-7.9375,2026-09-17,26.5,15.0,0.0,3,14.1,27.7,1
Tahannawt,31.375,-7.9375,2026-09-18,27.6,14.8,0.0,20,14.0,27.0,2
Tahannawt,31.375,-7.9375,2026-09-19,31.4,17.3,0.9,17,13.9,24.5,3
Tahannawt,31.375,-7.9375,2026-09-20,33.7,18.0,0.0,18,15.9,27.0,3
Arfoud,31.4375,-4.25,2026-09-14,38.2,23.5,0.1,8,13.3,23.0,80
Arfoud,31.4375,-4.25,2026-09-15,35.1,26.4,0.0,10,22.8,41.0,3
Arfoud,31.4375,-4.25,2026-09-16,34.8,23.2,0.0,3,13.0,21.2,2
Arfoud,31.4375,-4.25,2026-09-17,35.3,23.2,0.0,26,12.0,20.2,3
Arfoud,31.4375,-4.25,2026-09-18,35.2,24.6,0.0,33,15.0,27.0,3
Arfoud,31.4375,-4.25,2026-09-19,33.2,23.6,0.0,19,14.8,23.4,3
Arfoud,31.4375,-4.25,2026-09-20,34.4,20.6,0.0,3,8.4,16.2,2
Tahla,34.0625,-4.4375,2026-09-14,36.6,21.7,0.0,0,12.7,24.8,3
Tahla,34.0625,-4.4375,2026-09-15,35.3,21.2,0.0,0,17.3,32.4,3
Tahla,34.0625,-4.4375,2026-09-16,30.5,18.9,0.0,0,17.3,33.5,1
Tahla,34.0625,-4.4375,2026-09-17,27.5,16.8,0.0,15,14.8,28.4,3
Tahla,34.0625,-4.4375,2026-09-18,30.9,16.2,0.0,10,21.2,40.0,3
Tahla,34.0625,-4.4375,2026-09-19,35.6,21.3,0.0,5,19.5,38.2,3
Tahla,34.0625,-4.4375,2026-09-20,36.5,22.5,0.0,5,22.7,41.0,1
Missour,33.0625,-4.0,2026-09-14,36.4,19.7,0.1,13,21.9,35.6,3
Missour,33.0625,-4.0,2026-09-15,35.3,20.0,0.1,20,17.4,34.9,3
Missour,33.0625,-4.0,2026-09-16,31.3,17.9,0.0,0,14.3,22.7,2
Missour,33.0625,-4.0,2026-09-17,33.2,17.9,0.0,25,33.4,56.9,3
Missour,33.0625,-4.0,2026-09-18,29.9,15.9,0.0,16,28.6,45.4,3
Missour,33.0625,-4.0,2026-09-19,33.1,17.6,0.0,8,13.8,25.9,3
Missour,33.0625,-4.0,2026-09-20,34.5,18.8,0.0,5,19.5,29.2,2
Sidi Lmokhtar,31.5625,-9.0,2026-09-14,40.4,24.8,0.0,5,26.9,46.8,3
Sidi Lmokhtar,31.5625,-9.0,2026-09-15,38.3,24.7,0.0,3,24.5,41.0,3
Sidi Lmokhtar,31.5625,-9.0,2026-09-16,34.0,21.3,0.0,0,27.3,45.7,0
Sidi Lmokhtar,31.5625,-9.0,2026-09-17,28.5,17.4,0.0,2,20.7,36.0,2
Sidi Lmokhtar,31.5625,-9.0,2026-09-18,31.0,17.1,0.0,3,17.3,29.2,1
Sidi Lmokhtar,31.5625,-9.0,2026-09-19,34.6,18.2,2.4,3,14.3,40.0,80
Sidi Lmokhtar,31.5625,-9.0,2026-09-20,38.0,21.3,0.0,3,21.4,33.8,2
Douar Toulal,33.875,-5.625,2026-09-14,38.2,23.4,0.0,0,18.6,41.4,2
Douar Toulal,33.875,-5.625,2026-09-15,34.4,21.2,0.0,0,18.4,40.7,3
Douar Toulal,33.875,-5.625,2026-09-16,30.6,18.9,0.0,0,18.6,41.0,1
Douar Toulal,33.875,-5.625,2026-09-17,26.6,17.6,0.0,5,14.5,32.8,3
Douar Toulal,33.875,-5.625,2026-09-18,30.3,15.6,0.0,5,13.7,31.0,2
Douar Toulal,33.875,-5.625,2026-09-19,35.1,19.0,0.0,5,9.5,32.4,3
Douar Toulal,33.875,-5.625,2026-09-20,37.4,21.8,0.0,5,18.4,34.9,2
Oulad Yaïch,32.4375,-6.3125,2026-09-14,40.5,24.0,0.0,5,24.3,52.9,3
Oulad Yaïch,32.4375,-6.3125,2026-09-15,38.2,25.3,0.0,3,20.2,36.0,3
Oulad Yaïch,32.4375,-6.3125,2026-09-16,34.8,20.5,0.0,0,17.2,33.1,0
Oulad Yaïch,32.4375,-6.3125,2026-09-17,32.0,17.8,0.0,8,14.8,26.3,3
Oulad Yaïch,32.4375,-6.3125,2026-09-18,33.8,17.9,0.0,13,5.6,13.7,3
Oulad Yaïch,32.4375,-6.3125,2026-09-19,35.8,21.9,0.6,10,14.3,28.4,3
Oulad Yaïch,32.4375,-6.3125,2026-09-20,37.8,26.7,0.0,10,18.0,37.1,2
Zawyat ech Cheïkh,32.6875,-5.9375,2026-09-14,38.2,19.3,0.0,3,22.3,51.5,3
Zawyat ech Cheïkh,32.6875,-5.9375,2026-09-15,35.8,19.7,0.0,0,21.0,37.1,3
Zawyat ech Cheïkh,32.6875,-5.9375,2026-09-16,32.1,17.3,0.0,0,14.3,25.9,1
Zawyat ech Cheïkh,32.6875,-5.9375,2026-09-17,30.2,17.1,0.0,5,13.4,27.7,3
Zawyat ech Cheïkh,32.6875,-5.9375,2026-09-18,32.3,14.8,0.0,18,9.5,16.9,2
Zawyat ech Cheïkh,32.6875,-5.9375,2026-09-19,34.1,19.5,0.3,8,10.4,21.2,3
Zawyat ech Cheïkh,32.6875,-5.9375,2026-09-20,36.7,19.6,0.0,8,14.3,31.7,2
Imi-n-Tanout,31.1875,-8.875,2026-09-14,35.4,25.1,0.0,5,25.2,45.0,3
Imi-n-Tanout,31.1875,-8.875,2026-09-15,34.2,24.4,0.0,3,24.8,43.2,2
Imi-n-Tanout,31.1875,-8.875,2026-09-16,30.3,19.9,0.0,0,25.0,43.6,1
Imi-n-Tanout,31.1875,-8.875,2026-09-17,25.6,16.4,0.0,3,17.4,30.6,45
Imi-n-Tanout,31.1875,-8.875,2026-09-18,26.9,15.6,0.0,13,18.4,32.4,2
Imi-n-Tanout,31.1875,-8.875,2026-09-19,31.5,18.5,2.1,17,11.6,24.5,3
Imi-n-Tanout,31.1875,-8.875,2026-09-20,33.3,21.8,0.3,18,12.2,25.9,3
Sebt Gzoula,32.125,-9.0625,2026-09-14,41.2,27.8,0.0,0,24.5,45.0,3
Sebt Gzoula,32.125,-9.0625,2026-09-15,38.0,24.4,0.0,0,24.8,45.4,3
Sebt Gzoula,32.125,-9.0625,2026-09-16,30.8,20.4,0.0,0,21.6,40.0,2
Sebt Gzoula,32.125,-9.0625,2026-09-17,27.3,18.1,0.0,0,17.5,33.1,2
Sebt Gzoula,32.125,-9.0625,2026-09-18,30.6,18.0,0.0,0,20.4,36.7,2
Sebt Gzoula,32.125,-9.0625,2026-09-19,32.1,19.0,0.0,3,17.1,31.7,3
Sebt Gzoula,32.125,-9.0625,2026-09-20,38.3,22.7,0.0,3,19.6,38.2,1
