city,latitude,longitude,date,temp_max,temp_min,precipitation,precip_probability,wind_speed,wind_gusts,weather_code,temperature_category,precipitation_category,wind_category,score,danger
Casablanca,33.5625,-7.625,2026-09-14,32.0,23.6,0.0,0,10.3,29.5,2,Chaud,Aucune,Modéré,10.52,Faible
Casablanca,33.5625,-7.625,2026-09-15,28.3,21.8,0.0,0,11.6,32.8,45,Modéré,Aucune,Modéré,10.3,Faible
Casablanca,33.5625,-7.625,2026-09-16,25.6,20.9,0.0,0,14.6,38.2,2,Modéré,Aucune,Modéré,10.96,Faible
Casablanca,33.5625,-7.625,2026-09-17,25.6,19.7,0.0,0,12.5,34.2,3,Modéré,Aucune,Modéré,10.120000000000001,Faible
Casablanca,33.5625,-7.625,2026-09-18,25.4,18.2,0.0,0,14.8,38.5,2,Modéré,Aucune,Modéré,11.0,Faible
Casablanca,33.5625,-7.625,2026-09-19,28.6,19.8,0.0,0,13.1,34.9,45,Modéré,Aucune,Modéré,10.96,Faible
Casablanca,33.5625,-7.625,2026-09-20,31.7,21.1,0.0,0,13.3,35.3,45,Chaud,Aucune,Modéré,11.66,Faible
Tangier,35.75,-5.8125,2026-09-14,29.7,22.5,0.0,0,25.4,60.1,1,Modéré,Aucune,Modéré,16.1,Faible
Tangier,35.75,-5.8125,2026-09-15,30.4,21.1,0.0,0,16.9,38.5,1,Chaud,Aucune,Modéré,12.84,Faible
Tangier,35.75,-5.8125,2026-09-16,26.9,18.2,0.0,0,21.3,48.6,3,Modéré,Aucune,Modéré,13.900000000000002,Faible
Tangier,35.75,-5.8125,2026-09-17,26.2,18.8,0.0,0,15.0,34.9,3,Modéré,Aucune,Modéré,11.24,Faible
Tangier,35.75,-5.8125,2026-09-18,28.2,18.7,0.0,0,21.4,49.3,3,Modéré,Aucune,Modéré,14.200000000000001,Faible
Tangier,35.75,-5.8125,2026-09-19,27.3,21.7,0.0,0,34.2,64.8,3,Modéré,Aucune,Fort,19.14,Faible
Tangier,35.75,-5.8125,2026-09-20,26.9,22.9,0.0,3,35.1,65.5,3,Modéré,Aucune,Fort,19.42,Faible
Fès,34.0625,-5.0,2026-09-14,38.3,23.5,0.0,0,11.0,29.5,2,Chaud,Aucune,Modéré,12.06,Faible
Fès,34.0625,-5.0,2026-09-15,35.1,23.7,0.0,0,15.5,38.9,3,Chaud,Aucune,Modéré,13.22,Faible
Fès,34.0625,-5.0,2026-09-16,31.3,20.5,0.0,0,16.8,40.3,1,Chaud,Aucune,Modéré,12.98,Faible
Fès,34.0625,-5.0,2026-09-17,27.7,18.7,0.0,8,12.2,33.5,3,Modéré,Aucune,Modéré,10.42,Faible
Fès,34.0625,-5.0,2026-09-18,32.0,18.0,0.0,13,9.7,27.0,3,Chaud,Aucune,Faible,10.280000000000001,Faible
Fès,34.0625,-5.0,2026-09-19,37.4,21.2,0.0,5,9.8,26.7,3,Chaud,Aucune,Faible,11.4,Faible
Fès,34.0625,-5.0,2026-09-20,38.9,23.5,0.0,5,17.2,41.0,2,Chaud,Aucune,Modéré,14.66,Faible
Marrakech,31.625,-8.0,2026-09-14,40.0,23.2,0.0,8,12.1,40.0,3,Très chaud,Aucune,Modéré,12.84,Faible
Marrakech,31.625,-8.0,2026-09-15,37.8,24.2,0.0,3,14.8,38.9,3,Chaud,Aucune,Modéré,13.48,Faible
Marrakech,31.625,-8.0,2026-09-16,34.6,20.3,0.0,0,13.3,35.6,0,Chaud,Aucune,Modéré,12.240000000000002,Faible
Marrakech,31.625,-8.0,2026-09-17,30.3,18.3,0.0,3,8.8,26.3,1,Chaud,Aucune,Faible,9.580000000000002,Faible
Marrakech,31.625,-8.0,2026-09-18,31.7,18.2,0.0,20,7.9,25.2,1,Chaud,Aucune,Faible,9.5,Faible
Marrakech,31.625,-8.0,2026-09-19,35.7,19.6,0.3,17,12.9,23.0,3,Chaud,Faible,Modéré,12.420000000000002,Faible
Marrakech,31.625,-8.0,2026-09-20,37.9,20.3,0.0,18,11.3,23.0,2,Chaud,Aucune,Modéré,12.100000000000001,Faible
Sale,34.0,-6.8125,2026-09-14,33.6,23.5,0.0,0,11.1,29.5,0,Chaud,Aucune,Modéré,11.16,Faible
Sale,34.0,-6.8125,2026-09-15,27.7,21.4,0.0,0,12.8,33.8,45,Modéré,Aucune,Modéré,10.66,Faible
Sale,34.0,-6.8125,2026-09-16,25.8,20.8,0.0,0,15.5,39.2,2,Modéré,Aucune,Modéré,11.36,Faible
Sale,34.0,-6.8125,2026-09-17,25.9,18.8,0.0,0,12.0,32.0,3,Modéré,Aucune,Modéré,9.98,Faible
Sale,34.0,-6.8125,2026-09-18,26.2,17.4,0.0,0,15.3,38.2,2,Modéré,Aucune,Modéré,11.360000000000001,Faible
Sale,34.0,-6.8125,2026-09-19,27.4,17.6,0.0,3,12.3,30.6,45,Modéré,Aucune,Modéré,10.400000000000002,Faible
Sale,34.0,-6.8125,2026-09-20,30.8,21.3,0.0,3,13.7,30.2,1,Chaud,Aucune,Modéré,11.64,Faible
Meknès,33.875,-5.5625,2026-09-14,37.6,23.1,0.0,0,16.6,41.8,2,Chaud,Aucune,Modéré,14.16,Faible
Meknès,33.875,-5.5625,2026-09-15,34.2,21.1,0.0,0,16.1,41.0,3,Chaud,Aucune,Modéré,13.280000000000001,Faible
Meknès,33.875,-5.5625,2026-09-16,30.3,18.9,0.0,0,16.8,42.1,1,Chaud,Aucune,Modéré,12.780000000000001,Faible
Meknès,33.875,-5.5625,2026-09-17,26.3,17.4,0.0,5,12.8,33.8,3,Modéré,Aucune,Modéré,10.380000000000003,Faible
Meknès,33.875,-5.5625,2026-09-18,30.2,15.6,0.0,8,11.9,31.3,2,Chaud,Aucune,Modéré,10.8,Faible
Meknès,33.875,-5.5625,2026-09-19,34.9,19.0,0.6,5,7.8,28.1,80,Chaud,Faible,Faible,10.34,Faible
Meknès,33.875,-5.5625,2026-09-20,37.3,22.0,0.0,5,15.5,36.4,2,Chaud,Aucune,Modéré,13.66,Faible
Rabat,34.0,-6.8125,2026-09-14,33.6,23.6,0.0,0,11.1,29.5,0,Chaud,Aucune,Modéré,11.16,Faible
Rabat,34.0,-6.8125,2026-09-15,27.7,21.4,0.0,0,12.8,33.8,45,Modéré,Aucune,Modéré,10.66,Faible
Rabat,34.0,-6.8125,2026-09-16,25.8,20.9,0.0,0,15.5,39.2,2,Modéré,Aucune,Modéré,11.36,Faible
Rabat,34.0,-6.8125,2026-09-17,26.0,18.9,0.0,0,12.0,32.0,3,Modéré,Aucune,Modéré,10.0,Faible
Rabat,34.0,-6.8125,2026-09-18,26.2,17.5,0.0,0,15.3,38.2,2,Modéré,Aucune,Modéré,11.360000000000001,Faible
Rabat,34.0,-6.8125,2026-09-19,27.4,17.6,0.0,3,12.3,30.6,45,Modéré,Aucune,Modéré,10.400000000000002,Faible
Rabat,34.0,-6.8125,2026-09-20,30.9,21.4,0.0,3,13.7,30.2,1,Chaud,Aucune,Modéré,11.66,Faible
Agadir,30.4375,-9.5625,2026-09-14,38.9,28.6,0.0,8,17.5,42.8,3,Chaud,Aucune,Modéré,14.780000000000001,Faible
Agadir,30.4375,-9.5625,2026-09-15,34.6,26.5,0.0,3,11.2,31.0,2,Chaud,Aucune,Modéré,11.4,Faible
Agadir,30.4375,-9.5625,2026-09-16,36.5,23.8,0.0,0,16.3,47.9,0,Chaud,Aucune,Modéré,13.82,Faible
Agadir,30.4375,-9.5625,2026-09-17,28.0,20.3,0.0,0,13.8,36.0,2,Modéré,Aucune,Modéré,11.120000000000001,Faible
Agadir,30.4375,-9.5625,2026-09-18,26.3,19.7,0.0,3,13.5,36.7,2,Modéré,Aucune,Modéré,10.66,Faible
Agadir,30.4375,-9.5625,2026-09-19,37.7,20.2,0.0,3,16.3,40.0,3,Chaud,Aucune,Modéré,14.060000000000002,Faible
Agadir,30.4375,-9.5625,2026-09-20,40.1,25.2,0.0,0,16.9,38.5,1,Très chaud,Aucune,Modéré,14.780000000000001,Faible
Kenitra,34.25,-6.5625,2026-09-14,35.1,22.7,0.0,0,12.2,31.0,0,Chaud,Aucune,Modéré,11.9,Faible
Kenitra,34.25,-6.5625,2026-09-15,28.8,21.0,0.0,0,14.0,34.2,45,Modéré,Aucune,Modéré,11.360000000000001,Faible
Kenitra,34.25,-6.5625,2026-09-16,26.5,20.7,0.0,0,16.5,40.0,2,Modéré,Aucune,Modéré,11.900000000000002,Faible
Kenitra,34.25,-6.5625,2026-09-17,26.5,18.3,0.0,0,12.3,33.1,3,Modéré,Aucune,Modéré,10.220000000000002,Faible
Kenitra,34.25,-6.5625,2026-09-18,28.2,17.2,0.0,0,15.5,38.9,45,Modéré,Aucune,Modéré,11.84,Faible
Kenitra,34.25,-6.5625,2026-09-19,29.1,17.0,0.0,3,13.7,32.4,3,Modéré,Aucune,Modéré,11.3,Faible
Kenitra,34.25,-6.5625,2026-09-20,33.7,19.9,0.0,0,16.1,36.0,0,Chaud,Aucune,Modéré,13.180000000000003,Faible
Oujda-Angad,34.6875,-1.9375,2026-09-14,30.4,17.5,0.0,0,17.0,36.0,1,Chaud,Aucune,Modéré,12.88,Faible
Oujda-Angad,34.6875,-1.9375,2026-09-15,30.6,16.4,0.0,0,17.2,36.4,3,Chaud,Aucune,Modéré,13.0,Faible
Oujda-Angad,34.6875,-1.9375,2026-09-16,32.1,14.9,0.0,0,19.2,40.3,0,Chaud,Aucune,Modéré,14.100000000000001,Faible
Oujda-Angad,34.6875,-1.9375,2026-09-17,28.0,16.8,0.0,3,16.7,40.0,3,Modéré,Aucune,Modéré,12.280000000000001,Faible
Oujda-Angad,34.6875,-1.9375,2026-09-18,27.0,16.3,0.0,40,19.3,42.1,45,Modéré,Aucune,Modéré,13.120000000000001,Faible
Oujda-Angad,34.6875,-1.9375,2026-09-19,31.5,17.4,0.0,7,18.8,33.8,45,Chaud,Aucune,Modéré,13.82,Faible
Oujda-Angad,34.6875,-1.9375,2026-09-20,31.5,19.2,0.0,8,20.9,37.4,2,Chaud,Aucune,Modéré,14.66,Faible
Tétouan,35.5625,-5.375,2026-09-14,27.0,22.1,0.0,0,18.1,46.1,2,Modéré,Aucune,Modéré,12.64,Faible
Tétouan,35.5625,-5.375,2026-09-15,28.1,20.8,0.0,0,13.2,34.9,2,Modéré,Aucune,Modéré,10.900000000000002,Faible
Tétouan,35.5625,-5.375,2026-09-16,33.7,18.3,0.0,0,25.3,58.7,1,Chaud,Aucune,Modéré,16.860000000000003,Faible
Tétouan,35.5625,-5.375,2026-09-17,27.9,17.5,0.0,0,11.3,27.4,3,Modéré,Aucune,Modéré,10.100000000000001,Faible
Tétouan,35.5625,-5.375,2026-09-18,26.4,17.2,0.0,8,20.3,46.1,3,Modéré,Aucune,Modéré,13.400000000000002,Faible
Tétouan,35.5625,-5.375,2026-09-19,27.1,21.7,0.0,3,27.8,56.5,3,Modéré,Aucune,Modéré,16.540000000000003,Faible
Tétouan,35.5625,-5.375,2026-09-20,26.7,22.9,0.0,5,26.5,62.3,3,Modéré,Aucune,Modéré,15.940000000000001,Faible
Safi,32.3125,-9.25,2026-09-14,35.3,24.7,0.0,0,19.5,36.4,3,Chaud,Aucune,Modéré,14.86,Faible
Safi,32.3125,-9.25,2026-09-15,33.5,23.0,0.0,0,25.1,43.9,2,Chaud,Aucune,Modéré,16.740000000000002,Faible
Safi,32.3125,-9.25,2026-09-16,26.7,20.4,0.0,0,28.5,50.0,2,Modéré,Aucune,Modéré,16.740000000000002,Faible
Safi,32.3125,-9.25,2026-09-17,24.7,18.8,0.0,0,19.6,34.2,2,Modéré,Aucune,Modéré,12.780000000000001,Faible
Safi,32.3125,-9.25,2026-09-18,25.8,18.3,0.0,0,23.7,43.6,2,Modéré,Aucune,Modéré,14.64,Faible
Safi,32.3125,-9.25,2026-09-19,31.2,19.1,0.0,3,18.8,34.6,3,Chaud,Aucune,Modéré,13.760000000000002,Faible
Safi,32.3125,-9.25,2026-09-20,37.2,22.5,0.0,0,20.6,38.5,1,Chaud,Aucune,Modéré,15.680000000000001,Faible
Taourirt,34.4375,-2.875,2026-09-14,31.8,19.2,0.0,0,25.2,41.0,1,Chaud,Aucune,Modéré,16.44,Faible
Taourirt,34.4375,-2.875,2026-09-15,32.1,18.9,0.0,0,23.6,38.2,3,Chaud,Aucune,Modéré,15.860000000000003,Faible
Taourirt,34.4375,-2.875,2026-09-16,34.0,18.4,0.0,0,23.4,37.4,1,Chaud,Aucune,Modéré,16.16,Faible
Taourirt,34.4375,-2.875,2026-09-17,29.9,20.0,0.0,5,26.2,46.4,3,Modéré,Aucune,Modéré,16.46,Faible
Taourirt,34.4375,-2.875,2026-09-18,29.0,18.5,0.0,20,26.8,48.6,45,Modéré,Aucune,Modéré,16.520000000000003,Faible
Taourirt,34.4375,-2.875,2026-09-19,31.7,18.7,0.0,6,17.7,30.6,3,Chaud,Aucune,Modéré,13.42,Faible
Taourirt,34.4375,-2.875,2026-09-20,31.7,19.9,0.0,5,21.8,35.3,45,Chaud,Aucune,Modéré,15.06,Faible
Temara,33.9375,-6.875,2026-09-14,33.4,23.4,0.0,0,11.0,30.2,0,Chaud,Aucune,Modéré,11.08,Faible
Temara,33.9375,-6.875,2026-09-15,27.7,21.0,0.0,0,12.9,34.9,1,Modéré,Aucune,Modéré,10.7,Faible
Temara,33.9375,-6.875,2026-09-16,25.6,20.3,0.0,0,15.9,41.0,2,Modéré,Aucune,Modéré,11.48,Faible
Temara,33.9375,-6.875,2026-09-17,25.7,18.5,0.0,0,12.4,33.1,3,Modéré,Aucune,Modéré,10.100000000000001,Faible
Temara,33.9375,-6.875,2026-09-18,26.4,16.4,0.0,0,14.8,38.9,45,Modéré,Aucune,Modéré,11.200000000000001,Faible
Temara,33.9375,-6.875,2026-09-19,25.8,17.5,0.0,3,12.6,27.0,2,Modéré,Aucune,Modéré,10.2,Faible
Temara,33.9375,-6.875,2026-09-20,29.3,20.7,0.0,3,13.8,27.7,0,Modéré,Aucune,Modéré,11.38,Faible
Laâyoune,27.170473,-13.229401,2026-09-14,40.3,25.7,0.0,2,27.0,50.4,0,Très chaud,Aucune,Modéré,18.86,Faible
Laâyoune,27.170473,-13.229401,2026-09-15,40.2,25.6,0.0,0,26.3,51.8,0,Très chaud,Aucune,Modéré,18.560000000000002,Faible
Laâyoune,27.170473,-13.229401,2026-09-16,34.9,21.6,0.0,0,27.0,52.2,0,Chaud,Aucune,Modéré,17.78,Faible
Laâyoune,27.170473,-13.229401,2026-09-17,28.8,21.4,0.0,0,29.5,57.6,3,Modéré,Aucune,Modéré,17.560000000000002,Faible
Laâyoune,27.170473,-13.229401,2026-09-18,27.2,20.1,0.0,4,28.0,55.4,3,Modéré,Aucune,Modéré,16.64,Faible
Laâyoune,27.170473,-13.229401,2026-09-19,29.0,18.8,0.0,0,20.3,43.2,2,Modéré,Aucune,Modéré,13.920000000000002,Faible
Laâyoune,27.170473,-13.229401,2026-09-20,32.4,18.6,0.0,2,22.1,47.2,3,Chaud,Aucune,Modéré,15.320000000000002,Faible
El Jadid,33.25,-8.4375,2026-09-14,29.2,21.0,0.0,0,14.2,25.9,1,Modéré,Aucune,Modéré,11.52,Faible
El Jadid,33.25,-8.4375,2026-09-15,26.6,21.5,0.0,0,17.0,30.2,45,Modéré,Aucune,Modéré,12.120000000000001,Faible
El Jadid,33.25,-8.4375,2026-09-16,25.0,20.9,0.0,0,19.7,35.6,2,Modéré,Aucune,Modéré,12.879999999999999,Faible
El Jadid,33.25,-8.4375,2026-09-17,25.1,19.5,0.0,2,15.2,27.0,3,Modéré,Aucune,Modéré,11.100000000000001,Faible
El Jadid,33.25,-8.4375,2026-09-18,24.4,19.0,0.0,3,19.0,35.3,45,Modéré,Aucune,Modéré,12.48,Faible
El Jadid,33.25,-8.4375,2026-09-19,27.0,20.5,0.0,3,18.4,34.9,3,Modéré,Aucune,Modéré,12.76,Faible
El Jadid,33.25,-8.4375,2026-09-20,29.2,21.1,0.0,0,17.3,32.8,45,Modéré,Aucune,Modéré,12.760000000000002,Faible
Ait Melloul,30.3125,-9.5,2026-09-14,39.6,25.3,0.0,8,17.9,34.6,3,Chaud,Aucune,Modéré,15.080000000000002,Faible
Ait Melloul,30.3125,-9.5,2026-09-15,35.4,25.6,0.0,3,18.7,36.4,2,Chaud,Aucune,Modéré,14.56,Faible
Ait Melloul,30.3125,-9.5,2026-09-16,29.4,21.6,0.0,0,20.5,39.6,1,Modéré,Aucune,Modéré,14.080000000000002,Faible
Ait Melloul,30.3125,-9.5,2026-09-17,26.6,21.0,0.0,0,17.5,34.2,3,Modéré,Aucune,Modéré,12.32,Faible
Ait Melloul,30.3125,-9.5,2026-09-18,26.3,20.0,0.0,5,18.4,36.0,2,Modéré,Aucune,Modéré,12.620000000000001,Faible
Ait Melloul,30.3125,-9.5,2026-09-19,38.0,20.3,0.0,3,16.3,40.0,3,Chaud,Aucune,Modéré,14.120000000000001,Faible
Ait Melloul,30.3125,-9.5,2026-09-20,40.3,25.4,0.0,0,16.9,38.5,1,Très chaud,Aucune,Modéré,14.82,Faible
Béni Mellal,32.3125,-6.375,2026-09-14,38.6,25.5,0.0,5,18.8,46.1,3,Chaud,Aucune,Modéré,15.240000000000002,Faible
Béni Mellal,32.3125,-6.375,2026-09-15,36.0,25.3,0.0,3,22.0,45.0,61,Chaud,Aucune,Modéré,16.0,Faible
Béni Mellal,32.3125,-6.375,2026-09-16,32.7,21.2,0.0,0,17.9,36.7,2,Chaud,Aucune,Modéré,13.700000000000001,Faible
Béni Mellal,32.3125,-6.375,2026-09-17,29.8,18.7,0.0,9,10.7,24.8,2,Modéré,Aucune,Modéré,10.240000000000002,Faible
Béni Mellal,32.3125,-6.375,2026-09-18,31.6,18.9,0.0,13,10.6,20.9,3,Chaud,Aucune,Modéré,10.56,Faible
Béni Mellal,32.3125,-6.375,2026-09-19,35.7,22.6,0.6,9,14.3,28.4,3,Chaud,Faible,Modéré,13.100000000000001,Faible
Béni Mellal,32.3125,-6.375,2026-09-20,37.8,26.6,0.0,3,18.0,37.1,2,Chaud,Aucune,Modéré,14.76,Faible
Bouskoura,33.4375,-7.625,2026-09-14,36.7,24.2,0.0,0,16.0,39.6,3,Chaud,Aucune,Modéré,13.740000000000002,Faible
Bouskoura,33.4375,-7.625,2026-09-15,31.7,21.0,0.0,0,15.7,38.9,45,Chaud,Aucune,Modéré,12.620000000000001,Faible
Bouskoura,33.4375,-7.625,2026-09-16,26.8,19.6,0.0,0,17.5,42.1,45,Modéré,Aucune,Modéré,12.36,Faible
Bouskoura,33.4375,-7.625,2026-09-17,26.5,18.8,0.0,0,14.0,35.6,3,Modéré,Aucune,Modéré,10.900000000000002,Faible
Bouskoura,33.4375,-7.625,2026-09-18,27.3,16.8,0.0,0,17.7,42.8,45,Modéré,Aucune,Modéré,12.540000000000001,Faible
Bouskoura,33.4375,-7.625,2026-09-19,27.8,19.0,0.0,0,13.1,34.9,45,Modéré,Aucune,Modéré,10.8,Faible
Bouskoura,33.4375,-7.625,2026-09-20,30.9,20.3,0.0,0,13.3,35.3,45,Chaud,Aucune,Modéré,11.5,Faible
Tiznit,29.6875,-9.75,2026-09-14,38.8,29.5,0.1,8,33.6,62.3,3,Chaud,Faible,Fort,21.240000000000002,Faible
Tiznit,29.6875,-9.75,2026-09-15,36.5,27.4,0.0,0,19.9,33.1,0,Chaud,Aucune,Modéré,15.260000000000002,Faible
Tiznit,29.6875,-9.75,2026-09-16,31.6,21.4,0.0,0,22.5,38.2,1,Chaud,Aucune,Modéré,15.32,Faible
Tiznit,29.6875,-9.75,2026-09-17,24.2,19.4,0.0,0,23.2,38.2,3,Modéré,Aucune,Modéré,14.12,Faible
Tiznit,29.6875,-9.75,2026-09-18,24.9,19.2,0.0,5,22.3,37.1,3,Modéré,Aucune,Modéré,13.9,Faible
Tiznit,29.6875,-9.75,2026-09-19,28.4,19.4,0.0,3,15.6,25.9,2,Modéré,Aucune,Modéré,11.92,Faible
Tiznit,29.6875,-9.75,2026-09-20,31.2,23.3,0.0,0,17.0,29.2,1,Chaud,Aucune,Modéré,13.040000000000001,Faible
Mohammedia,33.6875,-7.375,2026-09-14,31.2,22.8,0.0,0,11.1,26.6,1,Chaud,Aucune,Modéré,10.68,Faible
Mohammedia,33.6875,-7.375,2026-09-15,27.1,21.0,0.0,0,14.0,33.1,45,Modéré,Aucune,Modéré,11.020000000000001,Faible
Mohammedia,33.6875,-7.375,2026-09-16,25.3,20.7,0.0,0,16.7,38.5,2,Modéré,Aucune,Modéré,11.74,Faible
Mohammedia,33.6875,-7.375,2026-09-17,25.3,19.5,0.0,0,14.2,33.5,3,Modéré,Aucune,Modéré,10.74,Faible
Mohammedia,33.6875,-7.375,2026-09-18,25.0,17.1,0.0,0,15.9,37.8,3,Modéré,Aucune,Modéré,11.36,Faible
Mohammedia,33.6875,-7.375,2026-09-19,30.0,18.8,0.0,0,17.5,32.8,45,Chaud,Aucune,Modéré,13.0,Faible
Mohammedia,33.6875,-7.375,2026-09-20,33.6,21.2,0.0,0,19.1,36.4,0,Chaud,Aucune,Modéré,14.360000000000001,Faible
Kouribga,32.875,-6.875,2026-09-14,37.7,22.1,0.0,3,27.8,53.3,3,Chaud,Aucune,Modéré,18.660000000000004,Faible
Kouribga,32.875,-6.875,2026-09-15,35.0,21.3,0.0,0,25.2,48.6,3,Chaud,Aucune,Modéré,17.08,Faible
Kouribga,32.875,-6.875,2026-09-16,31.6,17.9,0.0,0,21.6,41.4,0,Chaud,Aucune,Modéré,14.96,Faible
Kouribga,32.875,-6.875,2026-09-17,28.3,13.7,0.0,2,18.4,35.6,45,Modéré,Aucune,Modéré,13.02,Faible
Kouribga,32.875,-6.875,2026-09-18,29.9,14.3,0.0,28,17.4,35.6,2,Modéré,Aucune,Modéré,12.940000000000001,Faible
Kouribga,32.875,-6.875,2026-09-19,33.4,17.4,0.3,8,12.0,32.0,3,Chaud,Faible,Modéré,11.600000000000001,Faible
Kouribga,32.875,-6.875,2026-09-20,35.8,19.1,0.0,8,22.3,43.9,1,Chaud,Aucune,Modéré,16.08,Faible
Settat,33.0,-7.625,2026-09-14,39.8,23.7,0.0,0,25.7,52.9,2,Chaud,Aucune,Modéré,18.240000000000002,Faible
Settat,33.0,-7.625,2026-09-15,35.8,22.0,0.0,0,23.0,49.7,3,Chaud,Aucune,Modéré,16.36,Faible
Settat,33.0,-7.625,2026-09-16,29.7,19.0,0.0,0,20.4,41.4,2,Modéré,Aucune,Modéré,14.100000000000001,Faible
Settat,33.0,-7.625,2026-09-17,27.1,17.1,0.0,4,16.6,35.3,3,Modéré,Aucune,Modéré,12.060000000000002,Faible
Settat,33.0,-7.625,2026-09-18,30.0,15.7,0.0,5,18.2,41.0,45,Chaud,Aucune,Modéré,13.280000000000001,Faible
Settat,33.0,-7.625,2026-09-19,34.4,16.8,0.0,14,18.7,35.6,3,Chaud,Aucune,Modéré,14.36,Faible
Settat,33.0,-7.625,2026-09-20,37.2,21.7,0.3,15,24.3,47.5,80,Chaud,Faible,Modéré,17.28,Faible
Barrechid,33.25,-7.5625,2026-09-14,39.9,24.0,0.0,0,23.6,42.5,3,Chaud,Aucune,Modéré,17.42,Faible
Barrechid,33.25,-7.5625,2026-09-15,35.0,21.0,0.0,0,21.5,38.2,3,Chaud,Aucune,Modéré,15.6,Faible
Barrechid,33.25,-7.5625,2026-09-16,28.8,18.7,0.0,0,21.0,37.4,2,Modéré,Aucune,Modéré,14.16,Faible
Barrechid,33.25,-7.5625,2026-09-17,27.3,17.7,0.0,2,16.8,30.2,3,Modéré,Aucune,Modéré,12.180000000000001,Faible
Barrechid,33.25,-7.5625,2026-09-18,29.3,16.0,0.0,3,20.2,37.4,45,Modéré,Aucune,Modéré,13.940000000000001,Faible
Barrechid,33.25,-7.5625,2026-09-19,33.0,18.0,0.0,5,19.9,36.0,45,Chaud,Aucune,Modéré,14.56,Faible
Barrechid,33.25,-7.5625,2026-09-20,37.0,20.9,0.0,5,19.8,38.2,3,Chaud,Aucune,Modéré,15.32,Faible
Nador,35.1875,-2.9375,2026-09-14,26.4,23.2,0.0,0,14.4,33.1,2,Modéré,Aucune,Modéré,11.040000000000001,Faible
Nador,35.1875,-2.9375,2026-09-15,26.3,22.0,0.0,0,12.0,28.1,3,Modéré,Aucune,Modéré,10.060000000000002,Faible
Nador,35.1875,-2.9375,2026-09-16,29.8,20.8,0.0,0,8.6,24.8,2,Modéré,Aucune,Faible,9.4,Faible
Nador,35.1875,-2.9375,2026-09-17,26.1,22.1,0.0,7,11.5,27.0,3,Modéré,Aucune,Modéré,9.82,Faible
Nador,35.1875,-2.9375,2026-09-18,25.3,21.5,0.0,8,13.5,32.4,3,Modéré,Aucune,Modéré,10.46,Faible
Nador,35.1875,-2.9375,2026-09-19,27.7,22.2,0.0,5,19.4,33.8,3,Modéré,Aucune,Modéré,13.3,Faible
Nador,35.1875,-2.9375,2026-09-20,27.5,22.5,0.0,3,18.6,33.8,45,Modéré,Aucune,Modéré,12.940000000000001,Faible
Taza,34.25,-4.0,2026-09-14,32.3,20.4,0.0,0,19.2,38.5,3,Chaud,Aucune,Modéré,14.14,Faible
Taza,34.25,-4.0,2026-09-15,33.3,19.9,0.0,0,15.7,33.1,3,Chaud,Aucune,Modéré,12.940000000000001,Faible
Taza,34.25,-4.0,2026-09-16,30.5,19.3,0.0,0,24.1,50.4,1,Chaud,Aucune,Modéré,15.740000000000002,Faible
Taza,34.25,-4.0,2026-09-17,29.4,18.2,0.0,6,19.3,42.1,3,Modéré,Aucune,Modéré,13.600000000000001,Faible
Taza,34.25,-4.0,2026-09-18,29.0,17.2,0.0,9,19.2,41.4,3,Modéré,Aucune,Modéré,13.48,Faible
Taza,34.25,-4.0,2026-09-19,32.6,19.0,0.0,8,17.6,39.6,3,Chaud,Aucune,Modéré,13.560000000000002,Faible
Taza,34.25,-4.0,2026-09-20,33.2,20.7,0.0,8,19.9,37.8,1,Chaud,Aucune,Modéré,14.600000000000001,Faible
Inezgane,30.375,-9.5625,2026-09-14,38.2,25.5,0.0,8,12.1,35.6,3,Chaud,Aucune,Modéré,12.48,Faible
Inezgane,30.375,-9.5625,2026-09-15,32.9,24.2,0.0,3,12.3,32.4,2,Chaud,Aucune,Modéré,11.5,Faible
Inezgane,30.375,-9.5625,2026-09-16,31.6,21.7,0.0,0,15.5,41.0,1,Chaud,Aucune,Modéré,12.52,Faible
Inezgane,30.375,-9.5625,2026-09-17,26.1,20.4,0.0,0,14.4,37.8,2,Modéré,Aucune,Modéré,10.98,Faible
Inezgane,30.375,-9.5625,2026-09-18,25.1,19.5,0.0,5,14.4,39.2,2,Modéré,Aucune,Modéré,10.780000000000001,Faible
Inezgane,30.375,-9.5625,2026-09-19,38.0,20.3,0.0,3,16.3,40.0,3,Chaud,Aucune,Modéré,14.120000000000001,Faible
Inezgane,30.375,-9.5625,2026-09-20,40.4,25.5,0.0,0,16.9,38.5,1,Très chaud,Aucune,Modéré,14.84,Faible
Larache,35.1875,-6.125,2026-09-14,35.7,22.1,0.0,0,14.8,27.7,0,Chaud,Aucune,Modéré,13.060000000000002,Faible
Larache,35.1875,-6.125,2026-09-15,30.6,19.6,0.0,0,25.3,48.6,0,Chaud,Aucune,Modéré,16.240000000000002,Faible
Larache,35.1875,-6.125,2026-09-16,26.7,18.7,0.0,0,18.1,33.8,2,Modéré,Aucune,Modéré,12.580000000000002,Faible
Larache,35.1875,-6.125,2026-09-17,26.1,18.9,0.0,0,14.4,27.4,45,Modéré,Aucune,Modéré,10.98,Faible
Larache,35.1875,-6.125,2026-09-18,27.4,15.3,0.0,0,16.8,33.1,45,Modéré,Aucune,Modéré,12.200000000000001,Faible
Larache,35.1875,-6.125,2026-09-19,30.6,18.5,0.0,3,14.8,28.1,2,Chaud,Aucune,Modéré,12.040000000000003,Faible
Larache,35.1875,-6.125,2026-09-20,36.0,20.0,0.0,3,18.2,33.8,2,Chaud,Aucune,Modéré,14.48,Faible
Al Khmissat,33.8125,-6.0625,2026-09-14,39.4,23.2,0.0,0,19.7,39.6,2,Chaud,Aucune,Modéré,15.76,Faible
Al Khmissat,33.8125,-6.0625,2026-09-15,35.3,20.6,0.0,0,20.2,40.3,2,Chaud,Aucune,Modéré,15.14,Faible
Al Khmissat,33.8125,-6.0625,2026-09-16,30.9,18.1,0.0,0,18.4,37.4,2,Chaud,Aucune,Modéré,13.54,Faible
Al Khmissat,33.8125,-6.0625,2026-09-17,27.9,16.2,0.0,3,14.1,28.8,45,Modéré,Aucune,Modéré,11.22,Faible
Al Khmissat,33.8125,-6.0625,2026-09-18,30.4,14.8,0.0,5,18.1,33.8,3,Chaud,Aucune,Modéré,13.32,Faible
Al Khmissat,33.8125,-6.0625,2026-09-19,35.3,18.1,0.0,3,13.3,27.7,3,Chaud,Aucune,Modéré,12.379999999999999,Faible
Al Khmissat,33.8125,-6.0625,2026-09-20,38.1,19.2,0.0,3,21.2,39.6,1,Chaud,Aucune,Modéré,16.1,Faible
Guelmim,28.998241,-10.114685,2026-09-14,37.6,27.5,0.1,37,21.8,37.4,51,Chaud,Faible,Modéré,16.28,Faible
Guelmim,28.998241,-10.114685,2026-09-15,38.3,24.3,0.0,0,24.8,43.6,0,Chaud,Aucune,Modéré,17.580000000000002,Faible
Guelmim,28.998241,-10.114685,2026-09-16,36.6,20.5,0.0,0,30.8,51.1,1,Chaud,Aucune,Fort,19.64,Faible
Guelmim,28.998241,-10.114685,2026-09-17,24.8,18.3,0.0,0,27.4,45.7,3,Modéré,Aucune,Modéré,15.920000000000002,Faible
Guelmim,28.998241,-10.114685,2026-09-18,28.3,18.3,0.0,0,23.6,42.1,3,Modéré,Aucune,Modéré,15.100000000000001,Faible
Guelmim,28.998241,-10.114685,2026-09-19,32.1,18.2,0.0,4,26.2,46.1,3,Chaud,Aucune,Modéré,16.900000000000002,Faible
Guelmim,28.998241,-10.114685,2026-09-20,36.7,19.2,0.0,4,20.9,37.1,0,Chaud,Aucune,Modéré,15.7,Faible
Ksar El Kebir,35.0,-5.875,2026-09-14,39.0,24.4,0.0,0,17.1,34.2,0,Chaud,Aucune,Modéré,14.64,Faible
Ksar El Kebir,35.0,-5.875,2026-09-15,35.4,21.2,0.0,0,22.7,46.1,0,Chaud,Aucune,Modéré,16.16,Faible
Ksar El Kebir,35.0,-5.875,2026-09-16,29.9,20.7,0.0,0,15.9,31.0,2,Modéré,Aucune,Modéré,12.34,Faible
Ksar El Kebir,35.0,-5.875,2026-09-17,27.5,19.9,0.0,0,11.2,21.2,3,Modéré,Aucune,Modéré,9.98,Faible
Ksar El Kebir,35.0,-5.875,2026-09-18,30.9,16.4,0.0,0,18.1,34.6,45,Chaud,Aucune,Modéré,13.420000000000002,Faible
Ksar El Kebir,35.0,-5.875,2026-09-19,36.5,18.4,0.0,3,18.7,35.6,2,Chaud,Aucune,Modéré,14.780000000000001,Faible
Ksar El Kebir,35.0,-5.875,2026-09-20,39.6,21.8,0.0,3,14.0,31.7,0,Chaud,Aucune,Modéré,13.520000000000001,Faible
Khénifra,32.9375,-5.6875,2026-09-14,36.9,19.8,0.0,8,16.1,31.7,3,Chaud,Aucune,Modéré,13.82,Faible
Khénifra,32.9375,-5.6875,2026-09-15,34.7,20.2,0.0,3,22.0,41.8,3,Chaud,Aucune,Modéré,15.740000000000002,Faible
Khénifra,32.9375,-5.6875,2026-09-16,31.6,16.3,0.0,0,19.2,34.9,2,Chaud,Aucune,Modéré,14.0,Faible
Khénifra,32.9375,-5.6875,2026-09-17,30.4,16.1,0.0,33,18.5,33.5,3,Chaud,Aucune,Modéré,13.48,Faible
Khénifra,32.9375,-5.6875,2026-09-18,32.7,14.7,0.0,28,20.9,40.0,3,Chaud,Aucune,Modéré,14.9,Faible
Khénifra,32.9375,-5.6875,2026-09-19,33.8,19.9,0.0,12,13.2,27.7,3,Chaud,Aucune,Modéré,12.04,Faible
Khénifra,32.9375,-5.6875,2026-09-20,36.2,20.3,0.0,13,10.2,23.0,2,Chaud,Aucune,Modéré,11.32,Faible
Skhirate,33.875,-7.0,2026-09-14,30.6,22.7,0.0,0,10.7,25.2,1,Chaud,Aucune,Modéré,10.400000000000002,Faible
Skhirate,33.875,-7.0,2026-09-15,26.3,20.9,0.0,0,13.9,31.0,45,Modéré,Aucune,Modéré,10.82,Faible
Skhirate,33.875,-7.0,2026-09-16,24.8,20.6,0.0,0,16.9,36.7,2,Modéré,Aucune,Modéré,11.72,Faible
Skhirate,33.875,-7.0,2026-09-17,24.8,19.0,0.0,0,13.2,29.5,3,Modéré,Aucune,Modéré,10.240000000000002,Faible
Skhirate,33.875,-7.0,2026-09-18,24.6,16.7,0.0,0,16.8,36.7,2,Modéré,Aucune,Modéré,11.64,Faible
Skhirate,33.875,-7.0,2026-09-19,25.9,17.7,0.0,0,12.6,27.0,3,Modéré,Aucune,Modéré,10.219999999999999,Faible
Skhirate,33.875,-7.0,2026-09-20,29.4,20.8,0.0,0,13.8,27.7,0,Modéré,Aucune,Modéré,11.4,Faible
Beni Yakhlef,33.625,-7.3125,2026-09-14,36.0,23.8,0.0,0,16.9,31.0,1,Chaud,Aucune,Modéré,13.96,Faible
Beni Yakhlef,33.625,-7.3125,2026-09-15,30.3,20.4,0.0,0,18.0,33.5,45,Chaud,Aucune,Modéré,13.260000000000002,Faible
Beni Yakhlef,33.625,-7.3125,2026-09-16,26.5,19.4,0.0,0,20.4,37.8,3,Modéré,Aucune,Modéré,13.46,Faible
Beni Yakhlef,33.625,-7.3125,2026-09-17,26.6,18.5,0.0,0,16.4,31.0,3,Modéré,Aucune,Modéré,11.879999999999999,Faible
Beni Yakhlef,33.625,-7.3125,2026-09-18,27.0,15.6,0.0,0,20.6,38.5,45,Modéré,Aucune,Modéré,13.64,Faible
Beni Yakhlef,33.625,-7.3125,2026-09-19,29.5,18.2,0.0,0,17.5,32.8,45,Modéré,Aucune,Modéré,12.9,Faible
Beni Yakhlef,33.625,-7.3125,2026-09-20,33.1,20.7,0.0,0,19.1,36.4,0,Chaud,Aucune,Modéré,14.260000000000002,Faible
Sidi Yahya Zaer,33.6875,-6.875,2026-09-14,38.3,23.7,0.0,0,21.6,42.8,1,Chaud,Aucune,Modéré,16.3,Faible
Sidi Yahya Zaer,33.6875,-6.875,2026-09-15,32.4,20.1,0.0,0,20.4,41.0,1,Chaud,Aucune,Modéré,14.64,Faible
Sidi Yahya Zaer,33.6875,-6.875,2026-09-16,27.5,18.5,0.0,0,22.2,43.9,2,Modéré,Aucune,Modéré,14.38,Faible
Sidi Yahya Zaer,33.6875,-6.875,2026-09-17,26.3,17.3,0.0,2,16.4,33.5,3,Modéré,Aucune,Modéré,11.82,Faible
Sidi Yahya Zaer,33.6875,-6.875,2026-09-18,27.9,15.0,0.0,3,19.6,40.3,1,Modéré,Aucune,Modéré,13.420000000000002,Faible
Sidi Yahya Zaer,33.6875,-6.875,2026-09-19,31.3,16.6,0.0,3,15.8,33.1,3,Chaud,Aucune,Modéré,12.580000000000002,Faible
Sidi Yahya Zaer,33.6875,-6.875,2026-09-20,36.2,19.3,0.0,0,19.1,38.2,0,Chaud,Aucune,Modéré,14.880000000000003,Faible
Ben Guerir,32.25,-7.9375,2026-09-14,39.7,26.3,0.0,3,23.0,47.5,3,Chaud,Aucune,Modéré,17.14,Faible
Ben Guerir,32.25,-7.9375,2026-09-15,37.1,24.5,0.0,3,23.9,48.6,3,Chaud,Aucune,Modéré,16.98,Faible
Ben Guerir,32.25,-7.9375,2026-09-16,32.5,19.5,0.0,0,22.2,44.3,0,Chaud,Aucune,Modéré,15.38,Faible
Ben Guerir,32.25,-7.9375,2026-09-17,28.5,16.7,0.0,5,16.3,33.1,2,Modéré,Aucune,Modéré,12.22,Faible
Ben Guerir,32.25,-7.9375,2026-09-18,30.9,16.6,0.0,15,16.3,33.5,1,Chaud,Aucune,Modéré,12.7,Faible
Ben Guerir,32.25,-7.9375,2026-09-19,35.7,18.4,0.9,17,9.0,32.0,80,Chaud,Faible,Faible,11.100000000000001,Faible
Ben Guerir,32.25,-7.9375,2026-09-20,37.7,22.5,0.0,18,21.1,37.4,2,Chaud,Aucune,Modéré,15.980000000000002,Faible
Ait Ali,30.1875,-9.5,2026-09-14,40.1,27.2,0.0,5,18.7,29.5,3,Très chaud,Aucune,Modéré,15.500000000000002,Faible
Ait Ali,30.1875,-9.5,2026-09-15,36.6,25.8,0.0,3,22.4,36.7,2,Chaud,Aucune,Modéré,16.28,Faible
Ait Ali,30.1875,-9.5,2026-09-16,30.4,22.1,0.0,0,27.9,44.6,1,Chaud,Aucune,Modéré,17.240000000000002,Faible
Ait Ali,30.1875,-9.5,2026-09-17,26.2,20.5,0.0,0,26.7,42.8,2,Modéré,Aucune,Modéré,15.92,Faible
Ait Ali,30.1875,-9.5,2026-09-18,26.6,20.1,0.0,5,22.7,37.8,2,Modéré,Aucune,Modéré,14.4,Faible
Ait Ali,30.1875,-9.5,2026-09-19,31.2,19.9,0.3,3,17.7,33.5,2,Chaud,Faible,Modéré,13.440000000000001,Faible
Ait Ali,30.1875,-9.5,2026-09-20,37.8,25.3,0.0,0,22.5,37.4,1,Chaud,Aucune,Modéré,16.56,Faible
My Drarga,30.375,-9.5,2026-09-14,39.4,26.6,0.0,8,18.9,40.3,3,Chaud,Aucune,Modéré,15.44,Faible
My Drarga,30.375,-9.5,2026-09-15,35.4,25.7,0.0,3,15.9,34.6,2,Chaud,Aucune,Modéré,13.440000000000001,Faible
My Drarga,30.375,-9.5,2026-09-16,32.4,22.3,0.0,0,19.0,40.0,1,Chaud,Aucune,Modéré,14.080000000000002,Faible
My Drarga,30.375,-9.5,2026-09-17,26.9,20.4,0.0,0,17.3,40.3,2,Modéré,Aucune,Modéré,12.3,Faible
My Drarga,30.375,-9.5,2026-09-18,26.4,19.6,0.0,5,17.3,38.2,2,Modéré,Aucune,Modéré,12.200000000000001,Faible
My Drarga,30.375,-9.5,2026-09-19,37.9,20.2,0.0,3,16.3,40.0,3,Chaud,Aucune,Modéré,14.100000000000001,Faible
My Drarga,30.375,-9.5,2026-09-20,40.2,25.3,0.0,0,16.9,38.5,1,Très chaud,Aucune,Modéré,14.8,Faible
Lqoliaa,30.3125,-9.4375,2026-09-14,40.3,25.1,0.0,3,20.0,42.8,3,Très chaud,Aucune,Modéré,16.060000000000002,Faible
Lqoliaa,30.3125,-9.4375,2026-09-15,37.2,25.3,0.0,3,19.8,41.4,3,Chaud,Aucune,Modéré,15.360000000000003,Faible
Lqoliaa,30.3125,-9.4375,2026-09-16,30.9,21.4,0.0,0,24.3,49.3,1,Chaud,Aucune,Modéré,15.9,Faible
Lqoliaa,30.3125,-9.4375,2026-09-17,27.2,20.5,0.0,0,18.4,39.6,2,Modéré,Aucune,Modéré,12.8,Faible
Lqoliaa,30.3125,-9.4375,2026-09-18,27.3,19.5,0.0,5,19.4,41.8,3,Modéré,Aucune,Modéré,13.22,Faible
Lqoliaa,30.3125,-9.4375,2026-09-19,33.8,19.8,0.0,3,16.2,34.9,3,Chaud,Aucune,Modéré,13.24,Faible
Lqoliaa,30.3125,-9.4375,2026-09-20,38.5,23.8,0.0,0,21.6,45.4,1,Chaud,Aucune,Modéré,16.34,Faible
El Kelaa des Srarhna,32.0625,-7.375,2026-09-14,39.6,24.9,0.0,8,22.7,38.9,3,Chaud,Aucune,Modéré,17.0,Faible
El Kelaa des Srarhna,32.0625,-7.375,2026-09-15,37.9,24.4,0.0,3,22.3,38.2,3,Chaud,Aucune,Modéré,16.5,Faible
El Kelaa des Srarhna,32.0625,-7.375,2026-09-16,34.0,19.2,0.0,0,19.2,32.8,0,Chaud,Aucune,Modéré,14.48,Faible
El Kelaa des Srarhna,32.0625,-7.375,2026-09-17,30.1,17.0,0.0,5,15.5,26.6,2,Chaud,Aucune,Modéré,12.22,Faible
El Kelaa des Srarhna,32.0625,-7.375,2026-09-18,31.6,17.3,0.0,17,13.5,23.4,2,Chaud,Aucune,Modéré,11.72,Faible
El Kelaa des Srarhna,32.0625,-7.375,2026-09-19,35.1,18.5,0.6,18,12.2,31.7,80,Chaud,Faible,Modéré,12.14,Faible
El Kelaa des Srarhna,32.0625,-7.375,2026-09-20,37.3,20.3,0.0,10,12.5,21.2,3,Chaud,Aucune,Modéré,12.46,Faible
Moulay Abdallah,33.1875,-8.5625,2026-09-14,32.3,21.8,0.0,0,17.5,27.7,1,Chaud,Aucune,Modéré,13.46,Faible
Moulay Abdallah,33.1875,-8.5625,2026-09-15,28.5,21.5,0.0,0,20.4,32.0,45,Modéré,Aucune,Modéré,13.86,Faible
Moulay Abdallah,33.1875,-8.5625,2026-09-16,25.8,21.1,0.0,0,22.2,35.6,2,Modéré,Aucune,Modéré,14.040000000000001,Faible
Moulay Abdallah,33.1875,-8.5625,2026-09-17,25.7,19.2,0.0,2,17.0,26.6,3,Modéré,Aucune,Modéré,11.940000000000001,Faible
Moulay Abdallah,33.1875,-8.5625,2026-09-18,25.8,18.9,0.0,3,21.8,35.6,45,Modéré,Aucune,Modéré,13.88,Faible
Moulay Abdallah,33.1875,-8.5625,2026-09-19,27.6,20.4,0.0,0,19.6,36.7,45,Modéré,Aucune,Modéré,13.360000000000001,Faible
Moulay Abdallah,33.1875,-8.5625,2026-09-20,30.3,21.1,0.0,0,18.9,35.3,45,Chaud,Aucune,Modéré,13.620000000000001,Faible
Tiflet,33.875,-6.3125,2026-09-14,38.7,25.4,0.0,0,19.3,39.2,1,Chaud,Aucune,Modéré,15.46,Faible
Tiflet,33.875,-6.3125,2026-09-15,33.4,21.9,0.0,0,19.4,38.9,3,Chaud,Aucune,Modéré,14.44,Faible
Tiflet,33.875,-6.3125,2026-09-16,28.7,19.0,0.0,0,19.6,39.6,2,Modéré,Aucune,Modéré,13.580000000000002,Faible
Tiflet,33.875,-6.3125,2026-09-17,27.0,16.3,0.0,0,14.5,29.9,3,Modéré,Aucune,Modéré,11.200000000000001,Faible
Tiflet,33.875,-6.3125,2026-09-18,30.1,15.2,0.0,3,15.5,37.1,3,Chaud,Aucune,Modéré,12.22,Faible
Tiflet,33.875,-6.3125,2026-09-19,34.9,18.8,0.0,3,14.1,33.1,3,Chaud,Aucune,Modéré,12.620000000000001,Faible
Tiflet,33.875,-6.3125,2026-09-20,38.2,20.8,0.0,3,18.1,38.2,3,Chaud,Aucune,Modéré,14.880000000000003,Faible
Oulad Teïma,30.375,-9.1875,2026-09-14,41.7,24.5,0.0,8,23.3,44.3,3,Très chaud,Aucune,Modéré,17.660000000000004,Faible
Oulad Teïma,30.375,-9.1875,2026-09-15,40.7,24.8,0.0,3,24.2,47.9,2,Très chaud,Aucune,Modéré,17.82,Faible
Oulad Teïma,30.375,-9.1875,2026-09-16,34.6,21.3,0.0,0,27.3,51.5,0,Chaud,Aucune,Modéré,17.840000000000003,Faible
Oulad Teïma,30.375,-9.1875,2026-09-17,29.3,19.1,0.0,0,25.8,48.6,2,Modéré,Aucune,Modéré,16.18,Faible
Oulad Teïma,30.375,-9.1875,2026-09-18,29.2,18.1,0.0,10,24.3,46.4,1,Modéré,Aucune,Modéré,15.56,Faible
Oulad Teïma,30.375,-9.1875,2026-09-19,35.1,18.7,0.0,4,17.8,31.7,2,Chaud,Aucune,Modéré,14.14,Faible
Oulad Teïma,30.375,-9.1875,2026-09-20,40.4,24.3,0.0,0,28.8,50.0,2,Très chaud,Aucune,Modéré,19.6,Faible
Berkane,34.9375,-2.3125,2026-09-14,27.4,18.8,0.0,0,16.1,33.5,2,Modéré,Aucune,Modéré,11.920000000000002,Faible
Berkane,34.9375,-2.3125,2026-09-15,27.0,17.8,0.0,0,13.4,28.8,1,Modéré,Aucune,Modéré,10.760000000000002,Faible
Berkane,34.9375,-2.3125,2026-09-16,31.4,16.5,0.0,0,13.0,28.8,1,Chaud,Aucune,Modéré,11.48,Faible
Berkane,34.9375,-2.3125,2026-09-17,26.6,20.0,0.0,2,15.8,35.6,3,Modéré,Aucune,Modéré,11.64,Faible
Berkane,34.9375,-2.3125,2026-09-18,26.4,17.7,0.0,8,17.7,39.2,3,Modéré,Aucune,Modéré,12.36,Faible
Berkane,34.9375,-2.3125,2026-09-19,28.0,19.1,0.0,3,13.6,25.2,3,Modéré,Aucune,Modéré,11.040000000000001,Faible
Berkane,34.9375,-2.3125,2026-09-20,28.2,19.9,0.0,3,12.2,23.4,2,Modéré,Aucune,Modéré,10.52,Faible
Ain El Aouda,33.8125,-6.8125,2026-09-14,37.4,22.6,0.0,0,18.1,36.0,1,Chaud,Aucune,Modéré,14.720000000000002,Faible
Ain El Aouda,33.8125,-6.8125,2026-09-15,31.1,19.6,0.0,0,18.7,37.4,1,Chaud,Aucune,Modéré,13.700000000000001,Faible
Ain El Aouda,33.8125,-6.8125,2026-09-16,26.8,18.6,0.0,0,20.6,41.4,2,Modéré,Aucune,Modéré,13.600000000000001,Faible
Ain El Aouda,33.8125,-6.8125,2026-09-17,26.4,17.1,0.0,0,15.8,31.7,3,Modéré,Aucune,Modéré,11.600000000000001,Faible
Ain El Aouda,33.8125,-6.8125,2026-09-18,28.1,15.0,0.0,0,18.3,37.4,45,Modéré,Aucune,Modéré,12.940000000000001,Faible
Ain El Aouda,33.8125,-6.8125,2026-09-19,32.4,16.5,0.0,5,15.5,33.1,3,Chaud,Aucune,Modéré,12.68,Faible
Ain El Aouda,33.8125,-6.8125,2026-09-20,36.7,20.5,0.0,5,20.4,39.2,0,Chaud,Aucune,Modéré,15.5,Faible
Errachidia,31.9375,-4.4375,2026-09-14,36.5,25.1,0.1,3,18.1,37.1,3,Chaud,Faible,Modéré,14.580000000000002,Faible
Errachidia,31.9375,-4.4375,2026-09-15,32.9,24.9,0.0,15,17.5,34.2,3,Chaud,Aucune,Modéré,13.58,Faible
Errachidia,31.9375,-4.4375,2026-09-16,33.0,21.7,0.0,3,21.7,43.2,2,Chaud,Aucune,Modéré,15.280000000000001,Faible
Errachidia,31.9375,-4.4375,2026-09-17,32.8,21.1,0.2,47,14.3,42.5,3,Chaud,Faible,Modéré,12.36,Faible
Errachidia,31.9375,-4.4375,2026-09-18,33.2,22.4,0.3,46,11.2,24.5,3,Chaud,Faible,Modéré,11.24,Faible
Errachidia,31.9375,-4.4375,2026-09-19,31.1,22.4,0.0,29,17.7,30.2,3,Chaud,Aucune,Modéré,13.3,Faible
Errachidia,31.9375,-4.4375,2026-09-20,33.0,21.6,0.0,11,10.7,21.2,1,Chaud,Aucune,Modéré,10.88,Faible
Al Fqih Ben Çalah,32.5,-6.6875,2026-09-14,41.1,21.6,0.0,3,13.2,25.9,3,Très chaud,Aucune,Modéré,13.5,Faible
Al Fqih Ben Çalah,32.5,-6.6875,2026-09-15,38.3,23.4,0.0,3,21.7,41.0,3,Chaud,Aucune,Modéré,16.34,Faible
Al Fqih Ben Çalah,32.5,-6.6875,2026-09-16,35.2,16.8,0.0,0,20.5,42.8,0,Chaud,Aucune,Modéré,15.240000000000002,Faible
Al Fqih Ben Çalah,32.5,-6.6875,2026-09-17,32.8,16.1,0.0,5,14.9,30.2,45,Chaud,Aucune,Modéré,12.52,Faible
Al Fqih Ben Çalah,32.5,-6.6875,2026-09-18,34.3,16.2,0.0,15,7.5,20.9,1,Chaud,Aucune,Faible,9.86,Faible
Al Fqih Ben Çalah,32.5,-6.6875,2026-09-19,37.8,18.3,0.0,9,13.8,46.1,3,Chaud,Aucune,Modéré,13.08,Faible
Al Fqih Ben Çalah,32.5,-6.6875,2026-09-20,39.5,20.6,0.0,3,13.8,24.8,2,Chaud,Aucune,Modéré,13.420000000000002,Faible
Ad Darwa,33.4375,-7.5625,2026-09-14,37.8,23.9,0.0,0,18.2,34.9,3,Chaud,Aucune,Modéré,14.84,Faible
Ad Darwa,33.4375,-7.5625,2026-09-15,32.6,20.8,0.0,0,17.0,34.2,3,Chaud,Aucune,Modéré,13.32,Faible
Ad Darwa,33.4375,-7.5625,2026-09-16,27.4,19.3,0.0,0,19.0,36.4,45,Modéré,Aucune,Modéré,13.080000000000002,Faible
Ad Darwa,33.4375,-7.5625,2026-09-17,26.9,18.5,0.0,0,14.5,29.5,3,Modéré,Aucune,Modéré,11.18,Faible
Ad Darwa,33.4375,-7.5625,2026-09-18,27.6,16.3,0.0,3,19.5,38.2,45,Modéré,Aucune,Modéré,13.32,Faible
Ad Darwa,33.4375,-7.5625,2026-09-19,32.7,18.6,0.0,5,19.6,36.7,45,Chaud,Aucune,Modéré,14.380000000000003,Faible
Ad Darwa,33.4375,-7.5625,2026-09-20,36.9,20.5,0.0,5,19.8,40.3,3,Chaud,Aucune,Modéré,15.3,Faible
Martil,35.625,-5.3125,2026-09-14,25.7,22.2,0.0,0,18.7,41.4,2,Modéré,Aucune,Modéré,12.620000000000001,Faible
Martil,35.625,-5.3125,2026-09-15,26.1,21.3,0.0,0,11.4,27.4,2,Modéré,Aucune,Modéré,9.780000000000001,Faible
Martil,35.625,-5.3125,2026-09-16,32.0,19.3,0.0,0,16.6,41.0,1,Chaud,Aucune,Modéré,13.040000000000001,Faible
Martil,35.625,-5.3125,2026-09-17,25.4,19.5,0.0,2,16.1,36.7,3,Modéré,Aucune,Modéré,11.520000000000001,Faible
Martil,35.625,-5.3125,2026-09-18,24.9,18.6,0.0,10,18.1,38.9,3,Modéré,Aucune,Modéré,12.220000000000002,Faible
Martil,35.625,-5.3125,2026-09-19,25.7,21.7,0.9,24,23.1,40.0,3,Modéré,Faible,Modéré,14.740000000000002,Faible
Martil,35.625,-5.3125,2026-09-20,25.5,22.6,0.0,5,22.0,39.6,3,Modéré,Aucune,Modéré,13.900000000000002,Faible
Sidi Slimane,34.25,-5.9375,2026-09-14,40.0,23.5,0.0,0,17.8,37.8,0,Très chaud,Aucune,Modéré,15.120000000000001,Faible
Sidi Slimane,34.25,-5.9375,2026-09-15,34.5,20.9,0.0,0,17.6,36.7,2,Chaud,Aucune,Modéré,13.940000000000001,Faible
Sidi Slimane,34.25,-5.9375,2026-09-16,30.6,20.7,0.0,0,18.7,39.2,2,Chaud,Aucune,Modéré,13.600000000000001,Faible
Sidi Slimane,34.25,-5.9375,2026-09-17,28.3,19.3,0.0,0,13.0,28.1,3,Modéré,Aucune,Modéré,10.86,Faible
Sidi Slimane,34.25,-5.9375,2026-09-18,32.2,17.1,0.0,0,14.8,36.4,45,Chaud,Aucune,Modéré,12.360000000000003,Faible
Sidi Slimane,34.25,-5.9375,2026-09-19,37.5,19.1,0.0,0,17.4,33.8,1,Chaud,Aucune,Modéré,14.46,Faible
Sidi Slimane,34.25,-5.9375,2026-09-20,40.5,21.8,0.0,0,16.5,34.2,1,Très chaud,Aucune,Modéré,14.7,Faible
Oued Zem,32.875,-6.5625,2026-09-14,37.8,23.0,0.0,10,19.1,37.4,3,Chaud,Aucune,Modéré,15.2,Faible
Oued Zem,32.875,-6.5625,2026-09-15,35.3,22.0,0.0,0,22.6,45.0,3,Chaud,Aucune,Modéré,16.1,Faible
Oued Zem,32.875,-6.5625,2026-09-16,32.1,17.4,0.0,0,20.6,41.0,1,Chaud,Aucune,Modéré,14.66,Faible
Oued Zem,32.875,-6.5625,2026-09-17,30.0,16.2,0.0,5,16.5,34.6,3,Chaud,Aucune,Modéré,12.600000000000001,Faible
Oued Zem,32.875,-6.5625,2026-09-18,31.1,14.6,0.0,15,16.5,38.2,3,Chaud,Aucune,Modéré,12.82,Faible
Oued Zem,32.875,-6.5625,2026-09-19,33.6,18.7,0.0,11,12.4,33.1,2,Chaud,Aucune,Modéré,11.680000000000001,Faible
Oued Zem,32.875,-6.5625,2026-09-20,35.4,19.4,0.0,3,16.1,40.3,2,Chaud,Aucune,Modéré,13.520000000000001,Faible
Sefrou,33.8125,-4.8125,2026-09-14,34.7,24.7,0.0,0,19.2,41.0,3,Chaud,Aucune,Modéré,14.620000000000001,Faible
Sefrou,33.8125,-4.8125,2026-09-15,32.8,23.2,0.0,0,16.8,36.4,3,Chaud,Aucune,Modéré,13.280000000000001,Faible
Sefrou,33.8125,-4.8125,2026-09-16,29.1,18.4,0.0,0,18.4,40.0,1,Modéré,Aucune,Modéré,13.18,Faible
Sefrou,33.8125,-4.8125,2026-09-17,25.3,17.6,0.0,15,15.0,35.3,3,Modéré,Aucune,Modéré,11.06,Faible
Sefrou,33.8125,-4.8125,2026-09-18,28.4,16.6,0.0,13,16.5,36.0,3,Modéré,Aucune,Modéré,12.280000000000001,Faible
Sefrou,33.8125,-4.8125,2026-09-19,33.0,18.0,0.9,3,14.5,28.4,80,Chaud,Faible,Modéré,12.760000000000002,Faible
Sefrou,33.8125,-4.8125,2026-09-20,34.9,19.8,0.0,3,21.0,42.1,2,Chaud,Aucune,Modéré,15.38,Faible
Taroudannt,30.5,-8.875,2026-09-14,42.4,26.1,0.0,5,28.0,60.5,3,Très chaud,Aucune,Modéré,19.68,Faible
Taroudannt,30.5,-8.875,2026-09-15,41.4,26.6,0.0,8,21.9,41.4,3,Très chaud,Aucune,Modéré,17.04,Faible
Taroudannt,30.5,-8.875,2026-09-16,36.5,23.3,0.0,0,24.9,49.0,0,Chaud,Aucune,Modéré,17.26,Faible
Taroudannt,30.5,-8.875,2026-09-17,30.4,18.7,0.0,0,25.3,52.2,45,Chaud,Aucune,Modéré,16.200000000000003,Faible
Taroudannt,30.5,-8.875,2026-09-18,30.5,17.8,0.0,8,23.2,50.0,1,Chaud,Aucune,Modéré,15.379999999999999,Faible
Taroudannt,30.5,-8.875,2026-09-19,38.4,17.7,0.0,8,18.9,36.7,45,Chaud,Aucune,Modéré,15.239999999999998,Faible
Taroudannt,30.5,-8.875,2026-09-20,42.0,25.0,0.0,0,24.0,47.5,2,Très chaud,Aucune,Modéré,18.0,Faible
Essaouira,31.5,-9.75,2026-09-14,34.0,21.6,0.0,3,21.2,41.0,3,Chaud,Aucune,Modéré,15.280000000000001,Faible
Essaouira,31.5,-9.75,2026-09-15,27.6,21.2,0.0,0,26.4,49.7,3,Modéré,Aucune,Modéré,16.080000000000002,Faible
Essaouira,31.5,-9.75,2026-09-16,24.2,19.4,0.0,0,36.0,66.2,1,Modéré,Aucune,Fort,19.240000000000002,Faible
Essaouira,31.5,-9.75,2026-09-17,24.0,18.6,0.0,0,27.7,50.4,1,Modéré,Aucune,Modéré,15.88,Faible
Essaouira,31.5,-9.75,2026-09-18,23.5,18.5,0.0,2,30.1,54.7,1,Modéré,Aucune,Fort,16.740000000000002,Faible
Essaouira,31.5,-9.75,2026-09-19,30.6,18.4,0.0,3,18.9,35.3,3,Chaud,Aucune,Modéré,13.68,Faible
Essaouira,31.5,-9.75,2026-09-20,37.7,24.7,0.0,0,14.2,30.2,2,Chaud,Aucune,Modéré,13.22,Faible
Azrou,33.4375,-5.25,2026-09-14,31.7,18.9,0.0,13,16.9,45.4,3,Chaud,Aucune,Modéré,13.1,Faible
Azrou,33.4375,-5.25,2026-09-15,30.3,18.7,0.0,3,21.5,46.1,3,Chaud,Aucune,Modéré,14.66,Faible
Azrou,33.4375,-5.25,2026-09-16,26.0,14.7,0.0,0,14.8,35.3,2,Modéré,Aucune,Modéré,11.120000000000001,Faible
Azrou,33.4375,-5.25,2026-09-17,24.8,15.4,0.0,35,13.9,34.9,3,Modéré,Aucune,Modéré,10.520000000000001,Faible
Azrou,33.4375,-5.25,2026-09-18,26.6,12.9,0.0,40,12.7,31.3,3,Modéré,Aucune,Modéré,10.4,Faible
Azrou,33.4375,-5.25,2026-09-19,28.7,18.4,0.3,13,11.6,37.9,3,Modéré,Faible,Modéré,10.5,Faible
Azrou,33.4375,-5.25,2026-09-20,30.7,18.9,0.0,13,12.3,46.8,2,Chaud,Aucune,Modéré,11.060000000000002,Faible
Guercif,34.25,-3.375,2026-09-14,32.5,19.5,0.0,0,25.0,46.4,1,Chaud,Aucune,Modéré,16.5,Faible
Guercif,34.25,-3.375,2026-09-15,33.2,18.8,0.0,0,23.0,42.1,3,Chaud,Aucune,Modéré,15.840000000000002,Faible
Guercif,34.25,-3.375,2026-09-16,34.3,18.5,0.0,0,25.6,47.5,2,Chaud,Aucune,Modéré,17.1,Faible
Guercif,34.25,-3.375,2026-09-17,31.2,20.4,0.0,8,26.5,48.6,3,Chaud,Aucune,Modéré,16.840000000000003,Faible
Guercif,34.25,-3.375,2026-09-18,30.2,18.2,0.0,13,27.8,52.6,3,Chaud,Aucune,Modéré,17.16,Faible
Guercif,34.25,-3.375,2026-09-19,32.0,19.7,0.0,10,27.0,45.7,3,Chaud,Aucune,Modéré,17.200000000000003,Faible
Guercif,34.25,-3.375,2026-09-20,33.0,20.5,0.0,10,26.5,46.8,2,Chaud,Aucune,Modéré,17.200000000000003,Faible
Warzat,30.9375,-6.9375,2026-09-14,34.5,19.7,0.0,18,10.1,22.3,3,Chaud,Aucune,Modéré,10.940000000000001,Faible
Warzat,30.9375,-6.9375,2026-09-15,29.9,22.0,0.1,20,28.7,59.0,3,Modéré,Faible,Modéré,17.5,Faible
Warzat,30.9375,-6.9375,2026-09-16,32.8,17.2,0.0,0,24.6,42.1,0,Chaud,Aucune,Modéré,16.400000000000002,Faible
Warzat,30.9375,-6.9375,2026-09-17,33.2,16.5,0.0,20,10.7,20.5,2,Chaud,Aucune,Modéré,10.920000000000002,Faible
Warzat,30.9375,-6.9375,2026-09-18,33.5,17.9,0.0,43,10.8,19.4,3,Chaud,Aucune,Modéré,11.02,Faible
Warzat,30.9375,-6.9375,2026-09-19,30.1,19.1,0.0,28,16.1,29.9,3,Chaud,Aucune,Modéré,12.46,Faible
Warzat,30.9375,-6.9375,2026-09-20,32.8,19.8,0.0,13,18.1,31.0,3,Chaud,Aucune,Modéré,13.8,Faible
Fnidq,35.8125,-5.375,2026-09-14,26.0,22.2,0.0,0,23.2,45.4,2,Modéré,Aucune,Modéré,14.48,Faible
Fnidq,35.8125,-5.375,2026-09-15,26.1,20.8,0.0,0,14.1,28.8,2,Modéré,Aucune,Modéré,10.860000000000001,Faible
Fnidq,35.8125,-5.375,2026-09-16,30.3,18.7,0.0,0,28.5,53.6,3,Chaud,Aucune,Modéré,17.46,Faible
Fnidq,35.8125,-5.375,2026-09-17,27.4,19.4,0.0,2,15.6,31.7,3,Modéré,Aucune,Modéré,11.72,Faible
Fnidq,35.8125,-5.375,2026-09-18,24.9,20.1,0.0,10,17.6,33.8,45,Modéré,Aucune,Modéré,12.020000000000001,Faible
Fnidq,35.8125,-5.375,2026-09-19,25.7,21.9,0.3,24,23.1,40.0,3,Modéré,Faible,Modéré,14.5,Faible
Fnidq,35.8125,-5.375,2026-09-20,25.4,22.5,0.0,5,22.0,39.6,3,Modéré,Aucune,Modéré,13.88,Faible
Tan-Tan,28.435852,-11.147736,2026-09-14,39.8,26.8,0.0,16,27.2,46.4,2,Chaud,Aucune,Modéré,18.84,Faible
Tan-Tan,28.435852,-11.147736,2026-09-15,35.0,23.3,0.0,0,21.1,40.0,0,Chaud,Aucune,Modéré,15.440000000000001,Faible
Tan-Tan,28.435852,-11.147736,2026-09-16,30.2,20.2,0.0,0,24.9,46.1,0,Chaud,Aucune,Modéré,16.0,Faible
Tan-Tan,28.435852,-11.147736,2026-09-17,25.6,19.9,0.0,0,29.5,52.9,3,Modéré,Aucune,Modéré,16.92,Faible
Tan-Tan,28.435852,-11.147736,2026-09-18,25.3,19.4,0.0,0,26.8,49.0,2,Modéré,Aucune,Modéré,15.780000000000001,Faible
Tan-Tan,28.435852,-11.147736,2026-09-19,28.4,20.0,0.0,0,18.6,37.4,3,Modéré,Aucune,Modéré,13.120000000000001,Faible
Tan-Tan,28.435852,-11.147736,2026-09-20,31.0,17.7,0.0,2,14.8,41.4,3,Chaud,Aucune,Modéré,12.120000000000001,Faible
Sidi Qacem,34.1875,-5.6875,2026-09-14,40.0,25.3,0.0,0,17.3,36.4,3,Très chaud,Aucune,Modéré,14.920000000000002,Faible
Sidi Qacem,34.1875,-5.6875,2026-09-15,34.8,21.8,0.0,0,18.0,37.8,3,Chaud,Aucune,Modéré,14.16,Faible
Sidi Qacem,34.1875,-5.6875,2026-09-16,31.2,20.8,0.0,0,18.2,38.9,1,Chaud,Aucune,Modéré,13.52,Faible
Sidi Qacem,34.1875,-5.6875,2026-09-17,28.0,18.8,0.0,0,13.0,28.4,3,Modéré,Aucune,Modéré,10.8,Faible
Sidi Qacem,34.1875,-5.6875,2026-09-18,32.3,17.8,0.0,0,14.8,30.6,2,Chaud,Aucune,Modéré,12.38,Faible
Sidi Qacem,34.1875,-5.6875,2026-09-19,38.0,21.0,0.0,0,14.2,38.9,2,Chaud,Aucune,Modéré,13.280000000000001,Faible
Sidi Qacem,34.1875,-5.6875,2026-09-20,40.3,23.8,0.0,0,17.1,35.3,1,Très chaud,Aucune,Modéré,14.900000000000002,Faible
M’diq,35.625,-5.3125,2026-09-14,25.6,22.1,0.0,0,18.7,41.4,2,Modéré,Aucune,Modéré,12.600000000000001,Faible
M’diq,35.625,-5.3125,2026-09-15,25.9,21.2,0.0,0,11.4,27.4,2,Modéré,Aucune,Modéré,9.74,Faible
M’diq,35.625,-5.3125,2026-09-16,31.8,19.1,0.0,0,16.6,41.0,1,Chaud,Aucune,Modéré,13.0,Faible
M’diq,35.625,-5.3125,2026-09-17,25.3,19.4,0.0,0,16.1,36.7,3,Modéré,Aucune,Modéré,11.500000000000002,Faible
M’diq,35.625,-5.3125,2026-09-18,24.7,18.5,0.0,8,18.1,38.9,3,Modéré,Aucune,Modéré,12.180000000000001,Faible
M’diq,35.625,-5.3125,2026-09-19,27.4,21.6,0.9,3,27.8,56.5,3,Modéré,Faible,Modéré,16.96,Faible
M’diq,35.625,-5.3125,2026-09-20,27.0,23.2,0.0,5,26.5,62.3,3,Modéré,Aucune,Modéré,16.0,Faible
Youssoufia,32.25,-8.5,2026-09-14,40.4,26.9,0.0,0,23.1,49.0,3,Très chaud,Aucune,Modéré,17.32,Faible
Youssoufia,32.25,-8.5,2026-09-15,37.4,23.9,0.0,0,24.5,49.3,3,Chaud,Aucune,Modéré,17.28,Faible
Youssoufia,32.25,-8.5,2026-09-16,31.6,18.8,0.0,0,21.9,43.9,1,Chaud,Aucune,Modéré,15.08,Faible
Youssoufia,32.25,-8.5,2026-09-17,28.0,17.2,0.0,2,17.7,36.7,2,Modéré,Aucune,Modéré,12.68,Faible
Youssoufia,32.25,-8.5,2026-09-18,30.6,16.9,0.0,5,18.6,36.7,45,Chaud,Aucune,Modéré,13.560000000000002,Faible
Youssoufia,32.25,-8.5,2026-09-19,35.3,17.3,0.6,5,13.8,28.8,80,Chaud,Faible,Modéré,12.82,Faible
Youssoufia,32.25,-8.5,2026-09-20,38.8,22.2,0.0,5,20.8,47.5,3,Chaud,Aucune,Modéré,16.08,Faible
Midalt,32.6875,-4.75,2026-09-14,30.6,17.0,0.1,13,17.4,42.8,3,Chaud,Faible,Modéré,13.120000000000001,Faible
Midalt,32.6875,-4.75,2026-09-15,30.0,17.2,0.1,5,17.4,33.1,3,Chaud,Faible,Modéré,13.0,Faible
Midalt,32.6875,-4.75,2026-09-16,26.9,17.2,0.0,0,25.3,46.1,2,Modéré,Aucune,Modéré,15.5,Faible
Midalt,32.6875,-4.75,2026-09-17,28.2,14.5,0.0,45,27.3,48.6,3,Modéré,Aucune,Modéré,16.560000000000002,Faible
Midalt,32.6875,-4.75,2026-09-18,26.9,13.4,0.0,19,19.6,35.6,3,Modéré,Aucune,Modéré,13.22,Faible
Midalt,32.6875,-4.75,2026-09-19,28.9,14.8,0.0,5,21.6,33.8,45,Modéré,Aucune,Modéré,14.420000000000002,Faible
Midalt,32.6875,-4.75,2026-09-20,30.4,13.7,0.0,5,15.8,26.3,3,Chaud,Aucune,Modéré,12.4,Faible
Aïn Harrouda,33.625,-7.4375,2026-09-14,33.6,23.4,0.0,0,11.4,30.6,1,Chaud,Aucune,Modéré,11.280000000000001,Faible
Aïn Harrouda,33.625,-7.4375,2026-09-15,28.8,21.3,0.0,0,13.0,34.6,45,Modéré,Aucune,Modéré,10.96,Faible
Aïn Harrouda,33.625,-7.4375,2026-09-16,26.0,20.5,0.0,0,15.9,40.7,3,Modéré,Aucune,Modéré,11.56,Faible
Aïn Harrouda,33.625,-7.4375,2026-09-17,26.2,19.3,0.0,0,13.8,36.4,3,Modéré,Aucune,Modéré,10.760000000000002,Faible
Aïn Harrouda,33.625,-7.4375,2026-09-18,26.1,16.9,0.0,0,15.6,39.6,45,Modéré,Aucune,Modéré,11.46,Faible
Aïn Harrouda,33.625,-7.4375,2026-09-19,27.6,19.0,0.0,0,14.0,32.0,45,Modéré,Aucune,Modéré,11.120000000000001,Faible
Aïn Harrouda,33.625,-7.4375,2026-09-20,30.1,21.2,0.0,0,14.0,32.8,0,Chaud,Aucune,Modéré,11.620000000000001,Faible
Souq Sebt Oulad Nemma,32.3125,-6.6875,2026-09-14,41.3,23.3,0.0,3,15.0,28.4,3,Très chaud,Aucune,Modéré,14.26,Faible
Souq Sebt Oulad Nemma,32.3125,-6.6875,2026-09-15,39.1,25.3,0.0,3,21.3,35.6,3,Chaud,Aucune,Modéré,16.340000000000003,Faible
Souq Sebt Oulad Nemma,32.3125,-6.6875,2026-09-16,35.6,19.8,0.0,0,17.3,34.6,1,Chaud,Aucune,Modéré,14.040000000000003,Faible
Souq Sebt Oulad Nemma,32.3125,-6.6875,2026-09-17,32.3,17.5,0.0,5,14.8,28.1,2,Chaud,Aucune,Modéré,12.38,Faible
Souq Sebt Oulad Nemma,32.3125,-6.6875,2026-09-18,34.2,17.9,0.0,14,7.1,15.1,2,Chaud,Aucune,Faible,9.68,Faible
Souq Sebt Oulad Nemma,32.3125,-6.6875,2026-09-19,37.9,19.4,0.0,14,16.6,45.4,3,Chaud,Aucune,Modéré,14.22,Faible
Souq Sebt Oulad Nemma,32.3125,-6.6875,2026-09-20,39.6,21.5,0.0,3,13.9,26.3,2,Chaud,Aucune,Modéré,13.48,Faible
Mehdya,34.25,-6.625,2026-09-14,33.4,22.5,0.0,0,10.4,24.5,0,Chaud,Aucune,Modéré,10.84,Faible
Mehdya,34.25,-6.625,2026-09-15,27.4,21.0,0.0,0,12.7,29.2,45,Modéré,Aucune,Modéré,10.56,Faible
Mehdya,34.25,-6.625,2026-09-16,26.2,20.8,0.0,0,17.3,37.4,2,Modéré,Aucune,Modéré,12.16,Faible
Mehdya,34.25,-6.625,2026-09-17,26.2,18.5,0.0,0,12.7,29.9,3,Modéré,Aucune,Modéré,10.32,Faible
Mehdya,34.25,-6.625,2026-09-18,27.4,17.5,0.0,0,16.6,36.4,45,Modéré,Aucune,Modéré,12.120000000000001,Faible
Mehdya,34.25,-6.625,2026-09-19,29.1,17.1,0.0,3,13.7,32.4,3,Modéré,Aucune,Modéré,11.3,Faible
Mehdya,34.25,-6.625,2026-09-20,33.7,19.9,0.0,0,16.1,36.0,0,Chaud,Aucune,Modéré,13.180000000000003,Faible
Ouezzane,34.8125,-5.625,2026-09-14,38.8,21.6,0.0,0,17.1,33.5,0,Chaud,Aucune,Modéré,14.600000000000001,Faible
Ouezzane,34.8125,-5.625,2026-09-15,35.6,20.1,0.0,0,18.3,36.7,2,Chaud,Aucune,Modéré,14.440000000000001,Faible
Ouezzane,34.8125,-5.625,2026-09-16,30.3,17.7,0.0,0,17.0,33.5,2,Chaud,Aucune,Modéré,12.860000000000001,Faible
Ouezzane,34.8125,-5.625,2026-09-17,26.8,17.7,0.0,0,11.6,22.7,3,Modéré,Aucune,Modéré,10.0,Faible
Ouezzane,34.8125,-5.625,2026-09-18,31.5,15.2,0.0,5,13.1,32.0,2,Chaud,Aucune,Modéré,11.540000000000001,Faible
Ouezzane,34.8125,-5.625,2026-09-19,37.1,17.0,0.0,5,15.5,29.9,3,Chaud,Aucune,Modéré,13.620000000000001,Faible
Ouezzane,34.8125,-5.625,2026-09-20,40.1,20.6,0.0,5,11.6,24.1,3,Très chaud,Aucune,Modéré,12.66,Faible
Ait Ourir,31.5625,-7.6875,2026-09-14,37.9,25.2,0.0,3,21.8,40.3,3,Chaud,Aucune,Modéré,16.3,Faible
Ait Ourir,31.5625,-7.6875,2026-09-15,36.2,24.1,0.0,3,19.2,36.0,3,Chaud,Aucune,Modéré,14.920000000000002,Faible
Ait Ourir,31.5625,-7.6875,2026-09-16,32.9,19.8,0.0,0,14.2,27.4,0,Chaud,Aucune,Modéré,12.26,Faible
Ait Ourir,31.5625,-7.6875,2026-09-17,28.9,17.0,0.0,5,10.8,21.6,2,Modéré,Aucune,Modéré,10.100000000000001,Faible
Ait Ourir,31.5625,-7.6875,2026-09-18,30.2,17.1,0.0,21,12.0,24.5,3,Chaud,Aucune,Modéré,10.84,Faible
Ait Ourir,31.5625,-7.6875,2026-09-19,34.1,18.5,0.9,17,9.7,19.1,3,Chaud,Faible,Faible,11.06,Faible
Ait Ourir,31.5625,-7.6875,2026-09-20,36.7,19.6,0.0,8,16.3,31.3,3,Chaud,Aucune,Modéré,13.860000000000001,Faible
Oulad Tayeb,33.9375,-5.0,2026-09-14,37.9,22.7,0.0,0,15.5,31.0,3,Chaud,Aucune,Modéré,13.780000000000001,Faible
Oulad Tayeb,33.9375,-5.0,2026-09-15,34.9,23.1,0.0,0,16.9,31.7,3,Chaud,Aucune,Modéré,13.74,Faible
Oulad Tayeb,33.9375,-5.0,2026-09-16,31.1,20.5,0.0,0,17.3,32.4,1,Chaud,Aucune,Modéré,13.14,Faible
Oulad Tayeb,33.9375,-5.0,2026-09-17,27.3,18.2,0.0,8,13.3,27.0,45,Modéré,Aucune,Modéré,10.780000000000001,Faible
Oulad Tayeb,33.9375,-5.0,2026-09-18,31.4,17.6,0.0,13,14.0,27.0,3,Chaud,Aucune,Modéré,11.88,Faible
Oulad Tayeb,33.9375,-5.0,2026-09-19,36.7,20.3,0.0,5,9.7,25.2,3,Chaud,Aucune,Faible,11.22,Faible
Oulad Tayeb,33.9375,-5.0,2026-09-20,38.2,22.8,0.0,5,17.2,41.0,2,Chaud,Aucune,Modéré,14.52,Faible
Tit Mellil,33.5625,-7.5,2026-09-14,34.2,23.7,0.0,0,12.8,33.8,2,Chaud,Aucune,Modéré,11.96,Faible
Tit Mellil,33.5625,-7.5,2026-09-15,29.6,21.1,0.0,0,13.7,35.6,45,Modéré,Aucune,Modéré,11.400000000000002,Faible
Tit Mellil,33.5625,-7.5,2026-09-16,26.1,20.1,0.0,0,15.9,41.0,3,Modéré,Aucune,Modéré,11.580000000000002,Faible
Tit Mellil,33.5625,-7.5,2026-09-17,26.1,18.7,0.0,0,13.5,35.6,3,Modéré,Aucune,Modéré,10.620000000000001,Faible
Tit Mellil,33.5625,-7.5,2026-09-18,26.1,16.9,0.0,0,16.6,41.8,45,Modéré,Aucune,Modéré,11.860000000000001,Faible
Tit Mellil,33.5625,-7.5,2026-09-19,28.0,19.1,0.0,3,13.1,34.9,45,Modéré,Aucune,Modéré,10.84,Faible
Tit Mellil,33.5625,-7.5,2026-09-20,31.1,20.5,0.0,3,13.3,35.3,45,Chaud,Aucune,Modéré,11.540000000000001,Faible
Sidi Bennour,32.625,-8.4375,2026-09-14,40.9,22.6,0.0,0,26.8,46.1,3,Très chaud,Aucune,Modéré,18.9,Faible
Sidi Bennour,32.625,-8.4375,2026-09-15,36.8,20.8,0.0,0,24.9,44.6,3,Chaud,Aucune,Modéré,17.32,Faible
Sidi Bennour,32.625,-8.4375,2026-09-16,30.0,18.2,0.0,0,23.5,40.7,45,Chaud,Aucune,Modéré,15.4,Faible
Sidi Bennour,32.625,-8.4375,2026-09-17,27.7,17.4,0.0,2,20.1,34.2,3,Modéré,Aucune,Modéré,13.580000000000002,Faible
Sidi Bennour,32.625,-8.4375,2026-09-18,30.3,16.6,0.0,3,21.0,37.8,45,Chaud,Aucune,Modéré,14.46,Faible
Sidi Bennour,32.625,-8.4375,2026-09-19,34.3,17.7,0.0,3,17.7,34.2,3,Chaud,Aucune,Modéré,13.94,Faible
Sidi Bennour,32.625,-8.4375,2026-09-20,39.1,20.2,0.0,0,19.1,34.9,1,Chaud,Aucune,Modéré,15.46,Faible
Temsia,30.375,-9.4375,2026-09-14,40.3,26.0,0.0,8,21.7,46.1,3,Très chaud,Aucune,Modéré,16.740000000000002,Faible
Temsia,30.375,-9.4375,2026-09-15,37.4,26.1,0.0,3,20.1,41.0,3,Chaud,Aucune,Modéré,15.520000000000001,Faible
Temsia,30.375,-9.4375,2026-09-16,31.0,22.2,0.0,0,20.9,45.0,1,Chaud,Aucune,Modéré,14.559999999999999,Faible
Temsia,30.375,-9.4375,2026-09-17,27.8,20.4,0.0,0,20.8,42.8,2,Modéré,Aucune,Modéré,13.88,Faible
Temsia,30.375,-9.4375,2026-09-18,27.6,19.6,0.0,10,20.3,42.8,3,Modéré,Aucune,Modéré,13.64,Faible
Temsia,30.375,-9.4375,2026-09-19,35.6,19.3,0.0,4,17.8,31.7,2,Chaud,Aucune,Modéré,14.240000000000002,Faible
Temsia,30.375,-9.4375,2026-09-20,40.9,24.8,0.0,0,28.8,50.0,2,Très chaud,Aucune,Modéré,19.700000000000003,Faible
Biougra,30.1875,-9.375,2026-09-14,40.3,27.6,0.0,5,21.1,34.6,3,Très chaud,Aucune,Modéré,16.5,Faible
Biougra,30.1875,-9.375,2026-09-15,38.3,26.6,0.0,3,24.8,40.7,2,Chaud,Aucune,Modéré,17.580000000000002,Faible
Biougra,30.1875,-9.375,2026-09-16,32.2,22.9,0.0,0,33.4,55.1,1,Chaud,Aucune,Fort,19.8,Faible
Biougra,30.1875,-9.375,2026-09-17,27.4,20.5,0.0,0,31.6,52.2,2,Modéré,Aucune,Fort,18.12,Faible
Biougra,30.1875,-9.375,2026-09-18,27.7,20.0,0.0,5,25.7,42.8,2,Modéré,Aucune,Modéré,15.82,Faible
Biougra,30.1875,-9.375,2026-09-19,32.4,19.3,0.0,3,20.2,33.5,2,Chaud,Aucune,Modéré,14.56,Faible
Biougra,30.1875,-9.375,2026-09-20,39.8,23.4,0.0,0,28.2,48.6,1,Chaud,Aucune,Modéré,19.240000000000002,Faible
Al Hoceïma,35.1875,-3.875,2026-09-14,29.2,19.5,0.0,0,16.0,29.5,1,Modéré,Aucune,Modéré,12.24,Faible
Al Hoceïma,35.1875,-3.875,2026-09-15,25.9,19.4,0.0,0,11.2,20.5,45,Modéré,Aucune,Modéré,9.66,Faible
Al Hoceïma,35.1875,-3.875,2026-09-16,27.9,19.3,0.0,0,10.8,21.6,45,Modéré,Aucune,Modéré,9.9,Faible
Al Hoceïma,35.1875,-3.875,2026-09-17,25.4,20.0,0.0,3,14.0,25.2,3,Modéré,Aucune,Modéré,10.68,Faible
Al Hoceïma,35.1875,-3.875,2026-09-18,26.0,19.1,0.0,5,17.3,32.4,45,Modéré,Aucune,Modéré,12.120000000000001,Faible
Al Hoceïma,35.1875,-3.875,2026-09-19,27.7,19.5,0.0,5,14.9,28.8,3,Modéré,Aucune,Modéré,11.5,Faible
Al Hoceïma,35.1875,-3.875,2026-09-20,27.7,22.0,0.0,0,12.5,22.7,45,Modéré,Aucune,Modéré,10.54,Faible
Qasbat Tadla,32.625,-6.25,2026-09-14,40.6,21.3,0.0,3,19.3,37.8,3,Très chaud,Aucune,Modéré,15.840000000000002,Faible
Qasbat Tadla,32.625,-6.25,2026-09-15,38.1,22.7,0.0,0,20.2,37.1,3,Chaud,Aucune,Modéré,15.700000000000001,Faible
Qasbat Tadla,32.625,-6.25,2026-09-16,34.5,18.0,0.0,0,17.7,38.5,1,Chaud,Aucune,Modéré,13.98,Faible
Qasbat Tadla,32.625,-6.25,2026-09-17,32.2,17.0,0.0,7,10.8,24.5,3,Chaud,Aucune,Modéré,10.760000000000002,Faible
Qasbat Tadla,32.625,-6.25,2026-09-18,34.0,15.9,0.0,23,14.3,25.2,3,Chaud,Aucune,Modéré,12.520000000000001,Faible
Qasbat Tadla,32.625,-6.25,2026-09-19,36.4,19.6,0.3,11,11.3,28.1,3,Chaud,Faible,Modéré,11.920000000000002,Faible
Qasbat Tadla,32.625,-6.25,2026-09-20,38.6,18.6,0.0,10,12.6,25.6,1,Chaud,Aucune,Modéré,12.760000000000002,Faible
Aziylal,31.9375,-6.5625,2026-09-14,31.8,19.5,0.0,18,18.7,39.6,3,Chaud,Aucune,Modéré,13.84,Faible
Aziylal,31.9375,-6.5625,2026-09-15,29.0,20.3,0.3,13,30.6,76.3,63,Modéré,Faible,Fort,18.160000000000004,Faible
Aziylal,31.9375,-6.5625,2026-09-16,26.6,15.5,0.0,0,18.0,37.8,0,Modéré,Aucune,Modéré,12.52,Faible
Aziylal,31.9375,-6.5625,2026-09-17,25.5,15.1,0.0,29,17.3,36.4,3,Modéré,Aucune,Modéré,12.020000000000001,Faible
Aziylal,31.9375,-6.5625,2026-09-18,26.3,14.3,0.0,38,15.6,33.1,3,Modéré,Aucune,Modéré,11.5,Faible
Aziylal,31.9375,-6.5625,2026-09-19,27.8,18.3,9.3,17,15.0,32.0,63,Modéré,Modérée,Modéré,15.280000000000001,Faible
Aziylal,31.9375,-6.5625,2026-09-20,28.8,16.9,0.0,15,12.3,32.8,3,Modéré,Aucune,Modéré,10.680000000000001,Faible
Boujad,32.75,-6.375,2026-09-14,38.7,21.8,0.0,0,15.0,27.4,3,Chaud,Aucune,Modéré,13.740000000000002,Faible
Boujad,32.75,-6.375,2026-09-15,35.8,23.4,0.0,0,22.1,40.0,3,Chaud,Aucune,Modéré,16.0,Faible
Boujad,32.75,-6.375,2026-09-16,32.6,17.7,0.0,0,21.5,41.8,1,Chaud,Aucune,Modéré,15.120000000000001,Faible
Boujad,32.75,-6.375,2026-09-17,31.0,16.6,0.0,12,16.3,33.5,3,Chaud,Aucune,Modéré,12.72,Faible
Boujad,32.75,-6.375,2026-09-18,32.4,16.0,0.0,20,18.0,36.7,3,Chaud,Aucune,Modéré,13.68,Faible
Boujad,32.75,-6.375,2026-09-19,34.5,19.5,0.3,7,12.6,25.6,80,Chaud,Faible,Modéré,12.06,Faible
Boujad,32.75,-6.375,2026-09-20,36.4,20.8,0.0,3,13.7,35.3,2,Chaud,Aucune,Modéré,12.760000000000002,Faible
Al Aaroui,35.0,-3.0,2026-09-14,27.6,20.8,0.0,0,23.2,40.7,45,Modéré,Aucune,Modéré,14.8,Faible
Al Aaroui,35.0,-3.0,2026-09-15,28.2,19.2,0.0,0,17.3,30.6,45,Modéré,Aucune,Modéré,12.560000000000002,Faible
Al Aaroui,35.0,-3.0,2026-09-16,32.9,16.5,0.0,0,16.2,28.4,1,Chaud,Aucune,Modéré,13.06,Faible
Al Aaroui,35.0,-3.0,2026-09-17,27.4,19.4,0.0,2,16.8,31.0,3,Modéré,Aucune,Modéré,12.200000000000001,Faible
Al Aaroui,35.0,-3.0,2026-09-18,26.8,18.2,0.0,5,24.2,43.6,45,Modéré,Aucune,Modéré,15.04,Faible
Al Aaroui,35.0,-3.0,2026-09-19,28.8,20.5,0.0,8,20.2,36.4,3,Modéré,Aucune,Modéré,13.84,Faible
Al Aaroui,35.0,-3.0,2026-09-20,29.3,20.8,0.0,5,17.7,36.0,45,Modéré,Aucune,Modéré,12.940000000000001,Faible
Mrirt,33.1875,-5.5625,2026-09-14,35.4,20.7,0.0,10,22.7,45.7,3,Chaud,Aucune,Modéré,16.16,Faible
Mrirt,33.1875,-5.5625,2026-09-15,33.4,19.9,0.0,10,21.8,43.2,3,Chaud,Aucune,Modéré,15.4,Faible
Mrirt,33.1875,-5.5625,2026-09-16,30.0,15.0,0.0,0,20.0,41.0,1,Chaud,Aucune,Modéré,14.0,Faible
Mrirt,33.1875,-5.5625,2026-09-17,29.0,15.5,0.0,45,17.8,36.4,3,Modéré,Aucune,Modéré,12.920000000000002,Faible
Mrirt,33.1875,-5.5625,2026-09-18,29.9,13.5,0.0,35,18.4,36.7,3,Modéré,Aucune,Modéré,13.34,Faible
Mrirt,33.1875,-5.5625,2026-09-19,31.3,16.7,0.0,8,19.1,39.6,2,Chaud,Aucune,Modéré,13.900000000000002,Faible
Mrirt,33.1875,-5.5625,2026-09-20,33.7,16.7,0.0,8,16.9,33.5,3,Chaud,Aucune,Modéré,13.5,Faible
Tineghir,31.5,-5.5625,2026-09-14,34.1,21.2,0.0,5,25.8,45.7,3,Chaud,Aucune,Modéré,17.14,Faible
Tineghir,31.5,-5.5625,2026-09-15,30.0,20.3,0.1,25,28.4,50.8,61,Chaud,Faible,Modéré,17.4,Faible
Tineghir,31.5,-5.5625,2026-09-16,31.2,17.0,0.0,0,28.7,44.3,1,Chaud,Aucune,Modéré,17.72,Faible
Tineghir,31.5,-5.5625,2026-09-17,31.5,17.6,0.0,45,20.6,33.1,3,Chaud,Aucune,Modéré,14.540000000000001,Faible
Tineghir,31.5,-5.5625,2026-09-18,31.3,18.7,0.0,45,12.2,26.3,3,Chaud,Aucune,Modéré,11.14,Faible
Tineghir,31.5,-5.5625,2026-09-19,27.8,19.8,0.45,36,13.0,26.3,3,Modéré,Faible,Modéré,10.940000000000001,Faible
Tineghir,31.5,-5.5625,2026-09-20,30.6,18.0,0.0,16,14.8,23.4,1,Chaud,Aucune,Modéré,12.040000000000003,Faible
Bouknadel,34.1875,-6.6875,2026-09-14,31.1,22.4,0.0,0,9.9,18.0,0,Chaud,Aucune,Faible,10.180000000000001,Faible
Bouknadel,34.1875,-6.6875,2026-09-15,26.0,21.0,0.0,0,15.9,28.1,45,Modéré,Aucune,Modéré,11.56,Faible
Bouknadel,34.1875,-6.6875,2026-09-16,25.1,20.7,0.0,0,21.2,36.7,2,Modéré,Aucune,Modéré,13.5,Faible
Bouknadel,34.1875,-6.6875,2026-09-17,25.0,18.7,0.0,0,14.4,26.3,3,Modéré,Aucune,Modéré,10.760000000000002,Faible
Bouknadel,34.1875,-6.6875,2026-09-18,25.5,17.7,0.0,0,18.4,31.7,45,Modéré,Aucune,Modéré,12.46,Faible
Bouknadel,34.1875,-6.6875,2026-09-19,29.1,17.2,0.0,3,13.7,32.4,3,Modéré,Aucune,Modéré,11.3,Faible
Bouknadel,34.1875,-6.6875,2026-09-20,33.6,19.9,0.0,0,16.1,36.0,0,Chaud,Aucune,Modéré,13.160000000000002,Faible
Zagora,30.3125,-5.8125,2026-09-14,38.7,24.1,0.0,5,16.6,31.0,3,Chaud,Aucune,Modéré,14.380000000000003,Faible
Zagora,30.3125,-5.8125,2026-09-15,34.9,27.4,0.0,13,33.0,59.0,61,Chaud,Aucune,Fort,20.18,Faible
Zagora,30.3125,-5.8125,2026-09-16,37.2,23.1,0.0,0,14.0,23.8,1,Chaud,Aucune,Modéré,13.040000000000003,Faible
Zagora,30.3125,-5.8125,2026-09-17,36.9,24.0,0.0,13,20.5,32.0,2,Chaud,Aucune,Modéré,15.580000000000002,Faible
Zagora,30.3125,-5.8125,2026-09-18,36.8,23.8,0.0,20,16.6,26.3,2,Chaud,Aucune,Modéré,14.0,Faible
Zagora,30.3125,-5.8125,2026-09-19,33.9,24.0,0.0,20,25.6,39.6,2,Chaud,Aucune,Modéré,17.020000000000003,Faible
Zagora,30.3125,-5.8125,2026-09-20,35.7,25.9,0.0,0,19.1,30.6,3,Chaud,Aucune,Modéré,14.780000000000001,Faible
Azemmour,33.3125,-8.3125,2026-09-14,31.9,20.3,0.0,0,15.2,27.7,1,Chaud,Aucune,Modéré,12.46,Faible
Azemmour,33.3125,-8.3125,2026-09-15,28.4,21.1,0.0,0,17.3,31.7,45,Modéré,Aucune,Modéré,12.600000000000001,Faible
Azemmour,33.3125,-8.3125,2026-09-16,26.1,19.9,0.0,0,19.6,36.0,45,Modéré,Aucune,Modéré,13.060000000000002,Faible
Azemmour,33.3125,-8.3125,2026-09-17,26.1,18.1,0.0,2,14.8,27.0,3,Modéré,Aucune,Modéré,11.14,Faible
Azemmour,33.3125,-8.3125,2026-09-18,25.9,17.5,0.0,3,20.3,36.7,45,Modéré,Aucune,Modéré,13.3,Faible
Azemmour,33.3125,-8.3125,2026-09-19,27.1,19.7,0.0,3,18.4,34.9,3,Modéré,Aucune,Modéré,12.780000000000001,Faible
Azemmour,33.3125,-8.3125,2026-09-20,29.2,21.1,0.0,0,17.3,32.8,45,Modéré,Aucune,Modéré,12.760000000000002,Faible
El Hajeb,33.6875,-5.375,2026-09-14,34.9,23.6,0.1,8,21.1,43.6,3,Chaud,Faible,Modéré,15.46,Faible
El Hajeb,33.6875,-5.375,2026-09-15,32.8,21.1,0.0,3,20.4,42.5,3,Chaud,Aucune,Modéré,14.719999999999999,Faible
El Hajeb,33.6875,-5.375,2026-09-16,28.7,18.5,0.0,0,20.0,41.4,1,Modéré,Aucune,Modéré,13.74,Faible
El Hajeb,33.6875,-5.375,2026-09-17,25.5,16.2,0.0,18,15.6,32.8,3,Modéré,Aucune,Modéré,11.34,Faible
El Hajeb,33.6875,-5.375,2026-09-18,27.5,14.6,0.0,18,18.3,38.2,3,Modéré,Aucune,Modéré,12.82,Faible
El Hajeb,33.6875,-5.375,2026-09-19,32.8,17.2,0.0,7,11.9,22.7,3,Chaud,Aucune,Modéré,11.32,Faible
El Hajeb,33.6875,-5.375,2026-09-20,34.6,20.7,0.0,8,20.4,41.4,2,Chaud,Aucune,Modéré,15.080000000000002,Faible
Jerada,34.3125,-2.1875,2026-09-14,31.2,18.2,0.0,0,16.9,34.2,1,Chaud,Aucune,Modéré,13.0,Faible
Jerada,34.3125,-2.1875,2026-09-15,31.1,19.7,0.0,0,17.7,34.2,3,Chaud,Aucune,Modéré,13.3,Faible
Jerada,34.3125,-2.1875,2026-09-16,28.9,19.0,0.0,0,22.9,43.2,1,Modéré,Aucune,Modéré,14.940000000000001,Faible
Jerada,34.3125,-2.1875,2026-09-17,26.8,17.2,0.0,9,13.9,35.6,3,Modéré,Aucune,Modéré,10.920000000000002,Faible
Jerada,34.3125,-2.1875,2026-09-18,27.1,14.9,0.0,25,18.7,49.3,3,Modéré,Aucune,Modéré,12.900000000000002,Faible
Jerada,34.3125,-2.1875,2026-09-19,33.2,14.9,0.0,10,16.8,37.1,3,Chaud,Aucune,Modéré,13.360000000000001,Faible
Jerada,34.3125,-2.1875,2026-09-20,32.4,17.3,0.0,10,17.1,33.8,3,Chaud,Aucune,Modéré,13.32,Faible
El Aïoun,34.5625,-2.5,2026-09-14,32.5,17.7,0.0,0,16.0,27.4,1,Chaud,Aucune,Modéré,12.9,Faible
El Aïoun,34.5625,-2.5,2026-09-15,32.3,16.9,0.0,0,12.0,21.2,3,Chaud,Aucune,Modéré,11.260000000000002,Faible
El Aïoun,34.5625,-2.5,2026-09-16,31.8,16.3,0.0,0,21.2,36.7,0,Chaud,Aucune,Modéré,14.84,Faible
El Aïoun,34.5625,-2.5,2026-09-17,28.7,16.4,0.0,3,15.8,28.1,3,Modéré,Aucune,Modéré,12.06,Faible
El Aïoun,34.5625,-2.5,2026-09-18,28.3,14.9,0.0,25,18.7,32.4,45,Modéré,Aucune,Modéré,13.14,Faible
El Aïoun,34.5625,-2.5,2026-09-19,31.5,16.4,0.0,6,14.4,25.6,3,Chaud,Aucune,Modéré,12.060000000000002,Faible
El Aïoun,34.5625,-2.5,2026-09-20,31.4,17.7,0.0,5,13.8,26.3,45,Chaud,Aucune,Modéré,11.8,Faible
Tameslouht,31.5,-8.125,2026-09-14,39.4,26.5,0.0,5,26.8,47.9,3,Chaud,Aucune,Modéré,18.6,Faible
Tameslouht,31.5,-8.125,2026-09-15,37.3,25.1,0.0,3,23.1,37.8,3,Chaud,Aucune,Modéré,16.7,Faible
Tameslouht,31.5,-8.125,2026-09-16,34.0,21.2,0.0,0,19.7,33.8,0,Chaud,Aucune,Modéré,14.68,Faible
Tameslouht,31.5,-8.125,2026-09-17,29.6,17.5,0.0,3,12.9,22.3,1,Modéré,Aucune,Modéré,11.080000000000002,Faible
Tameslouht,31.5,-8.125,2026-09-18,31.2,17.7,0.0,18,11.4,20.2,2,Chaud,Aucune,Modéré,10.8,Faible
Tameslouht,31.5,-8.125,2026-09-19,35.4,19.0,0.6,12,14.8,40.3,3,Chaud,Faible,Modéré,13.240000000000002,Faible
Tameslouht,31.5,-8.125,2026-09-20,37.3,21.2,0.0,8,12.8,26.3,2,Chaud,Aucune,Modéré,12.580000000000002,Faible
Sidi Yahia El Gharb,34.3125,-6.3125,2026-09-14,37.6,22.4,0.0,0,17.1,31.3,0,Chaud,Aucune,Modéré,14.360000000000001,Faible
Sidi Yahia El Gharb,34.3125,-6.3125,2026-09-15,31.5,20.4,0.0,0,19.3,34.9,2,Chaud,Aucune,Modéré,14.020000000000001,Faible
Sidi Yahia El Gharb,34.3125,-6.3125,2026-09-16,28.0,20.4,0.0,0,20.8,37.1,2,Modéré,Aucune,Modéré,13.920000000000002,Faible
Sidi Yahia El Gharb,34.3125,-6.3125,2026-09-17,27.3,18.2,0.0,0,14.8,28.4,3,Modéré,Aucune,Modéré,11.380000000000003,Faible
Sidi Yahia El Gharb,34.3125,-6.3125,2026-09-18,29.3,16.9,0.0,0,19.7,36.4,45,Modéré,Aucune,Modéré,13.74,Faible
Sidi Yahia El Gharb,34.3125,-6.3125,2026-09-19,34.6,17.4,0.0,3,20.9,38.2,2,Chaud,Aucune,Modéré,15.280000000000001,Faible
Sidi Yahia El Gharb,34.3125,-6.3125,2026-09-20,39.1,21.1,0.0,0,20.7,37.4,1,Chaud,Aucune,Modéré,16.1,Faible
Chichaoua,31.5625,-8.75,2026-09-14,40.5,23.8,0.0,0,24.6,40.3,3,Très chaud,Aucune,Modéré,17.94,Faible
Chichaoua,31.5625,-8.75,2026-09-15,38.2,25.0,0.0,8,26.7,42.8,3,Chaud,Aucune,Modéré,18.32,Faible
Chichaoua,31.5625,-8.75,2026-09-16,34.3,21.1,0.0,0,25.6,41.4,0,Chaud,Aucune,Modéré,17.1,Faible
Chichaoua,31.5625,-8.75,2026-09-17,29.8,17.9,0.0,0,17.3,28.8,2,Modéré,Aucune,Modéré,12.880000000000003,Faible
Chichaoua,31.5625,-8.75,2026-09-18,31.5,17.9,0.0,5,17.5,30.2,2,Chaud,Aucune,Modéré,13.3,Faible
Chichaoua,31.5625,-8.75,2026-09-19,36.0,18.7,0.9,9,14.0,46.1,61,Chaud,Faible,Modéré,13.16,Faible
Chichaoua,31.5625,-8.75,2026-09-20,37.3,21.8,0.0,10,10.2,19.8,3,Chaud,Aucune,Modéré,11.54,Faible
Al ’Attawia,31.8125,-7.3125,2026-09-14,38.3,23.6,0.0,3,20.9,37.4,3,Chaud,Aucune,Modéré,16.02,Faible
Al ’Attawia,31.8125,-7.3125,2026-09-15,36.5,23.5,0.0,3,20.3,36.4,3,Chaud,Aucune,Modéré,15.420000000000002,Faible
Al ’Attawia,31.8125,-7.3125,2026-09-16,32.8,18.3,0.0,0,17.1,29.9,0,Chaud,Aucune,Modéré,13.4,Faible
Al ’Attawia,31.8125,-7.3125,2026-09-17,29.1,16.4,0.0,8,12.9,24.5,45,Modéré,Aucune,Modéré,10.98,Faible
Al ’Attawia,31.8125,-7.3125,2026-09-18,30.2,16.5,0.0,16,15.0,26.6,2,Chaud,Aucune,Modéré,12.04,Faible
Al ’Attawia,31.8125,-7.3125,2026-09-19,34.3,16.9,0.6,16,12.3,35.3,80,Chaud,Faible,Modéré,12.02,Faible
Al ’Attawia,31.8125,-7.3125,2026-09-20,36.7,18.5,0.0,8,17.3,29.5,3,Chaud,Aucune,Modéré,14.260000000000002,Faible
Tabount,30.875,-6.9375,2026-09-14,34.6,21.1,0.0,18,11.6,23.8,3,Chaud,Aucune,Modéré,11.56,Faible
Tabount,30.875,-6.9375,2026-09-15,30.1,22.6,0.2,20,19.4,65.5,3,Chaud,Faible,Modéré,13.86,Faible
Tabount,30.875,-6.9375,2026-09-16,33.1,18.9,0.0,0,24.0,39.2,0,Chaud,Aucune,Modéré,16.220000000000002,Faible
Tabount,30.875,-6.9375,2026-09-17,33.7,18.0,0.0,20,12.9,22.0,3,Chaud,Aucune,Modéré,11.900000000000002,Faible
Tabount,30.875,-6.9375,2026-09-18,33.8,19.1,0.0,43,11.4,26.6,3,Chaud,Aucune,Modéré,11.32,Faible
Tabount,30.875,-6.9375,2026-09-19,30.0,19.0,0.0,28,16.1,29.9,3,Chaud,Aucune,Modéré,12.440000000000001,Faible
Tabount,30.875,-6.9375,2026-09-20,32.7,19.7,0.0,13,18.1,31.0,3,Chaud,Aucune,Modéré,13.780000000000001,Faible
Zaïo,34.9375,-2.75,2026-09-14,30.0,19.7,0.0,0,13.3,35.6,45,Chaud,Aucune,Modéré,11.32,Faible
Zaïo,34.9375,-2.75,2026-09-15,29.4,18.8,0.0,0,10.8,25.6,45,Modéré,Aucune,Modéré,10.2,Faible
Zaïo,34.9375,-2.75,2026-09-16,33.2,18.4,0.0,0,15.2,34.2,45,Chaud,Aucune,Modéré,12.72,Faible
Zaïo,34.9375,-2.75,2026-09-17,27.6,19.4,0.0,3,12.8,32.8,45,Modéré,Aucune,Modéré,10.64,Faible
Zaïo,34.9375,-2.75,2026-09-18,27.8,18.9,0.0,3,15.7,36.0,45,Modéré,Aucune,Modéré,11.84,Faible
Zaïo,34.9375,-2.75,2026-09-19,28.7,19.8,0.0,4,19.7,34.6,3,Modéré,Aucune,Modéré,13.620000000000001,Faible
Zaïo,34.9375,-2.75,2026-09-20,29.1,20.9,0.0,3,19.8,35.6,45,Modéré,Aucune,Modéré,13.740000000000002,Faible
Aguelmous,33.125,-5.8125,2026-09-14,34.7,21.4,0.0,25,16.9,38.2,3,Chaud,Aucune,Modéré,13.700000000000001,Faible
Aguelmous,33.125,-5.8125,2026-09-15,32.6,18.8,0.0,5,22.1,43.6,3,Chaud,Aucune,Modéré,15.360000000000003,Faible
Aguelmous,33.125,-5.8125,2026-09-16,29.6,15.6,0.0,0,19.5,41.4,1,Modéré,Aucune,Modéré,13.720000000000002,Faible
Aguelmous,33.125,-5.8125,2026-09-17,28.4,15.8,0.0,30,15.2,31.7,3,Modéré,Aucune,Modéré,11.76,Faible
Aguelmous,33.125,-5.8125,2026-09-18,29.9,13.9,0.0,35,20.6,40.7,2,Modéré,Aucune,Modéré,14.22,Faible
Aguelmous,33.125,-5.8125,2026-09-19,31.0,17.0,0.3,12,15.8,34.9,3,Chaud,Faible,Modéré,12.64,Faible
Aguelmous,33.125,-5.8125,2026-09-20,33.3,17.6,0.0,13,16.9,32.8,2,Chaud,Aucune,Modéré,13.42,Faible
Asilah,35.5,-6.0,2026-09-14,32.4,23.5,0.0,0,23.5,42.5,0,Chaud,Aucune,Modéré,15.88,Faible
Asilah,35.5,-6.0,2026-09-15,32.5,22.0,0.0,0,21.1,38.9,0,Chaud,Aucune,Modéré,14.940000000000001,Faible
Asilah,35.5,-6.0,2026-09-16,25.3,19.8,0.0,0,21.9,39.6,3,Modéré,Aucune,Modéré,13.82,Faible
Asilah,35.5,-6.0,2026-09-17,24.1,19.2,0.0,0,16.6,30.2,3,Modéré,Aucune,Modéré,11.46,Faible
Asilah,35.5,-6.0,2026-09-18,28.6,17.1,0.0,0,25.5,49.0,2,Modéré,Aucune,Modéré,15.920000000000002,Faible
Asilah,35.5,-6.0,2026-09-19,36.5,21.6,0.0,3,19.2,34.9,2,Chaud,Aucune,Modéré,14.98,Faible
Asilah,35.5,-6.0,2026-09-20,37.8,23.3,0.0,3,18.1,36.0,1,Chaud,Aucune,Modéré,14.8,Faible
Imzouren,35.125,-3.875,2026-09-14,29.9,19.3,0.0,0,14.6,26.6,1,Modéré,Aucune,Modéré,11.82,Faible
Imzouren,35.125,-3.875,2026-09-15,26.5,19.1,0.0,0,12.3,22.7,3,Modéré,Aucune,Modéré,10.220000000000002,Faible
Imzouren,35.125,-3.875,2026-09-16,29.0,19.9,0.0,3,11.8,21.6,1,Modéré,Aucune,Modéré,10.520000000000001,Faible
Imzouren,35.125,-3.875,2026-09-17,25.9,19.6,0.0,3,14.4,26.6,3,Modéré,Aucune,Modéré,10.940000000000001,Faible
Imzouren,35.125,-3.875,2026-09-18,26.3,18.7,0.0,13,16.2,30.2,3,Modéré,Aucune,Modéré,11.740000000000002,Faible
Imzouren,35.125,-3.875,2026-09-19,30.2,19.3,0.0,3,12.0,23.4,3,Chaud,Aucune,Modéré,10.84,Faible
Imzouren,35.125,-3.875,2026-09-20,30.7,20.9,0.0,0,11.7,23.4,3,Chaud,Aucune,Modéré,10.82,Faible
Mediouna,33.4375,-7.5,2026-09-14,38.4,23.9,0.0,0,19.6,35.3,3,Chaud,Aucune,Modéré,15.52,Faible
Mediouna,33.4375,-7.5,2026-09-15,33.1,20.7,0.0,0,18.3,33.5,45,Chaud,Aucune,Modéré,13.940000000000001,Faible
Mediouna,33.4375,-7.5,2026-09-16,27.8,19.2,0.0,0,19.8,35.3,45,Modéré,Aucune,Modéré,13.48,Faible
Mediouna,33.4375,-7.5,2026-09-17,27.1,18.2,0.0,0,15.0,28.4,3,Modéré,Aucune,Modéré,11.420000000000002,Faible
Mediouna,33.4375,-7.5,2026-09-18,27.8,16.2,0.0,0,20.2,37.4,45,Modéré,Aucune,Modéré,13.64,Faible
Mediouna,33.4375,-7.5,2026-09-19,27.6,18.4,0.0,5,13.1,34.9,45,Modéré,Aucune,Modéré,10.760000000000002,Faible
Mediouna,33.4375,-7.5,2026-09-20,30.7,20.1,0.0,5,13.3,35.3,45,Chaud,Aucune,Modéré,11.46,Faible
Demnat,31.75,-7.0625,2026-09-14,35.4,23.4,0.0,3,19.5,38.2,3,Chaud,Aucune,Modéré,14.88,Faible
Demnat,31.75,-7.0625,2026-09-15,33.1,21.7,0.0,8,20.0,39.6,3,Chaud,Aucune,Modéré,14.620000000000001,Faible
Demnat,31.75,-7.0625,2026-09-16,29.9,17.5,0.0,0,18.0,34.2,0,Modéré,Aucune,Modéré,13.18,Faible
Demnat,31.75,-7.0625,2026-09-17,26.3,15.0,0.0,13,13.5,26.3,1,Modéré,Aucune,Modéré,10.66,Faible
Demnat,31.75,-7.0625,2026-09-18,27.8,14.7,0.0,25,12.4,23.4,1,Modéré,Aucune,Modéré,10.520000000000001,Faible
Demnat,31.75,-7.0625,2026-09-19,31.2,16.1,0.3,14,13.4,36.0,3,Chaud,Faible,Modéré,11.72,Faible
Demnat,31.75,-7.0625,2026-09-20,33.7,17.8,0.3,15,13.1,35.3,3,Chaud,Faible,Modéré,12.100000000000001,Faible
Aïn Taoujdat,33.9375,-5.1875,2026-09-14,37.5,22.1,0.0,3,17.2,33.1,3,Chaud,Aucune,Modéré,14.379999999999999,Faible
Aïn Taoujdat,33.9375,-5.1875,2026-09-15,34.4,21.8,0.0,0,18.4,38.5,3,Chaud,Aucune,Modéré,14.239999999999998,Faible
Aïn Taoujdat,33.9375,-5.1875,2026-09-16,31.1,20.3,0.0,0,19.0,36.7,1,Chaud,Aucune,Modéré,13.82,Faible
Aïn Taoujdat,33.9375,-5.1875,2026-09-17,26.4,17.6,0.0,10,15.1,28.8,45,Modéré,Aucune,Modéré,11.32,Faible
Aïn Taoujdat,33.9375,-5.1875,2026-09-18,30.7,16.5,0.0,10,14.2,28.4,3,Chaud,Aucune,Modéré,11.82,Faible
Aïn Taoujdat,33.9375,-5.1875,2026-09-19,36.3,19.2,0.3,5,13.5,26.3,3,Chaud,Faible,Modéré,12.780000000000001,Faible
Aïn Taoujdat,33.9375,-5.1875,2026-09-20,37.9,21.3,0.0,5,17.9,33.8,1,Chaud,Aucune,Modéré,14.74,Faible
Sidi Smai’il,32.8125,-8.5,2026-09-14,39.8,22.4,0.0,0,21.1,36.7,1,Chaud,Aucune,Modéré,16.400000000000002,Faible
Sidi Smai’il,32.8125,-8.5,2026-09-15,35.0,20.9,0.0,0,22.3,38.5,3,Chaud,Aucune,Modéré,15.92,Faible
Sidi Smai’il,32.8125,-8.5,2026-09-16,28.4,19.3,0.0,0,21.6,37.4,2,Modéré,Aucune,Modéré,14.32,Faible
Sidi Smai’il,32.8125,-8.5,2026-09-17,27.1,17.9,0.0,2,17.6,31.3,3,Modéré,Aucune,Modéré,12.46,Faible
Sidi Smai’il,32.8125,-8.5,2026-09-18,28.8,17.3,0.0,3,20.7,37.8,45,Modéré,Aucune,Modéré,14.04,Faible
Sidi Smai’il,32.8125,-8.5,2026-09-19,31.3,18.5,0.0,0,18.8,34.2,3,Chaud,Aucune,Modéré,13.780000000000001,Faible
Sidi Smai’il,32.8125,-8.5,2026-09-20,36.4,20.7,0.0,0,19.1,35.3,0,Chaud,Aucune,Modéré,14.920000000000002,Faible
Moulay Bousselham,34.875,-6.25,2026-09-14,33.7,21.2,0.0,0,15.4,25.9,0,Chaud,Aucune,Modéré,12.900000000000002,Faible
Moulay Bousselham,34.875,-6.25,2026-09-15,28.1,19.1,0.0,0,28.0,46.1,45,Modéré,Aucune,Modéré,16.82,Faible
Moulay Bousselham,34.875,-6.25,2026-09-16,25.2,19.4,0.0,0,18.2,30.2,45,Modéré,Aucune,Modéré,12.32,Faible
Moulay Bousselham,34.875,-6.25,2026-09-17,24.8,18.4,0.0,0,12.9,22.0,45,Modéré,Aucune,Modéré,10.120000000000001,Faible
Moulay Bousselham,34.875,-6.25,2026-09-18,25.3,15.6,0.0,0,19.7,32.8,45,Modéré,Aucune,Modéré,12.940000000000001,Faible
Moulay Bousselham,34.875,-6.25,2026-09-19,30.7,17.4,0.0,3,18.6,32.8,3,Chaud,Aucune,Modéré,13.580000000000002,Faible
Moulay Bousselham,34.875,-6.25,2026-09-20,35.9,20.1,0.0,3,19.5,35.3,0,Chaud,Aucune,Modéré,14.98,Faible
Mechraa Bel Ksiri,34.5625,-5.9375,2026-09-14,39.6,24.3,0.0,0,18.9,34.9,0,Chaud,Aucune,Modéré,15.48,Faible
Mechraa Bel Ksiri,34.5625,-5.9375,2026-09-15,34.9,20.8,0.0,0,19.5,37.1,1,Chaud,Aucune,Modéré,14.780000000000001,Faible
Mechraa Bel Ksiri,34.5625,-5.9375,2026-09-16,29.6,19.8,0.0,0,18.6,34.2,2,Modéré,Aucune,Modéré,13.360000000000003,Faible
Mechraa Bel Ksiri,34.5625,-5.9375,2026-09-17,27.7,19.0,0.0,0,12.4,23.8,3,Modéré,Aucune,Modéré,10.5,Faible
Mechraa Bel Ksiri,34.5625,-5.9375,2026-09-18,31.8,16.2,0.0,0,15.4,34.6,45,Chaud,Aucune,Modéré,12.52,Faible
Mechraa Bel Ksiri,34.5625,-5.9375,2026-09-19,36.2,18.7,0.0,0,19.6,36.4,3,Chaud,Aucune,Modéré,15.080000000000002,Faible
Mechraa Bel Ksiri,34.5625,-5.9375,2026-09-20,40.6,20.9,0.0,0,15.3,34.9,1,Très chaud,Aucune,Modéré,14.240000000000002,Faible
Souk et Tnine Jorf el Mellah,34.5,-5.5,2026-09-14,40.0,26.5,0.0,0,16.6,31.3,0,Très chaud,Aucune,Modéré,14.64,Faible
Souk et Tnine Jorf el Mellah,34.5,-5.5,2026-09-15,36.0,22.0,0.0,0,19.0,36.4,3,Chaud,Aucune,Modéré,14.8,Faible
Souk et Tnine Jorf el Mellah,34.5,-5.5,2026-09-16,31.4,20.4,0.0,0,19.3,36.0,2,Chaud,Aucune,Modéré,14.0,Faible
Souk et Tnine Jorf el Mellah,34.5,-5.5,2026-09-17,28.1,19.8,0.0,0,12.5,23.8,3,Modéré,Aucune,Modéré,10.620000000000001,Faible
Souk et Tnine Jorf el Mellah,34.5,-5.5,2026-09-18,33.1,17.4,0.0,3,10.5,18.7,45,Chaud,Aucune,Modéré,10.82,Faible
Souk et Tnine Jorf el Mellah,34.5,-5.5,2026-09-19,39.0,20.9,0.0,3,16.2,29.9,2,Chaud,Aucune,Modéré,14.280000000000001,Faible
Souk et Tnine Jorf el Mellah,34.5,-5.5,2026-09-20,41.1,22.5,0.0,3,12.3,27.4,1,Très chaud,Aucune,Modéré,13.14,Faible
Zeghanghane,35.125,-3.0,2026-09-14,27.1,21.3,0.0,0,22.1,40.7,2,Modéré,Aucune,Modéré,14.260000000000002,Faible
Zeghanghane,35.125,-3.0,2026-09-15,27.8,20.0,0.0,0,14.2,28.8,45,Modéré,Aucune,Modéré,11.24,Faible
Zeghanghane,35.125,-3.0,2026-09-16,31.8,17.6,0.0,0,13.4,26.3,45,Chaud,Aucune,Modéré,11.72,Faible
Zeghanghane,35.125,-3.0,2026-09-17,26.9,20.0,0.0,3,10.5,22.7,3,Modéré,Aucune,Modéré,9.58,Faible
Zeghanghane,35.125,-3.0,2026-09-18,26.3,19.4,0.0,5,19.5,38.5,3,Modéré,Aucune,Modéré,13.060000000000002,Faible
Zeghanghane,35.125,-3.0,2026-09-19,27.9,21.6,0.0,8,18.9,34.6,3,Modéré,Aucune,Modéré,13.14,Faible
Zeghanghane,35.125,-3.0,2026-09-20,27.9,21.8,0.0,3,19.2,35.3,3,Modéré,Aucune,Modéré,13.26,Faible
Oulad Barhil,30.625,-8.5,2026-09-14,40.4,23.0,0.0,10,34.4,63.0,3,Très chaud,Aucune,Fort,21.84,Faible
Oulad Barhil,30.625,-8.5,2026-09-15,39.2,24.9,0.1,20,21.6,59.4,3,Chaud,Faible,Modéré,16.520000000000003,Faible
Oulad Barhil,30.625,-8.5,2026-09-16,35.8,21.0,0.0,0,27.5,51.1,0,Chaud,Aucune,Modéré,18.16,Faible
Oulad Barhil,30.625,-8.5,2026-09-17,30.2,17.5,0.0,0,31.3,56.9,1,Chaud,Aucune,Fort,18.560000000000002,Faible
Oulad Barhil,30.625,-8.5,2026-09-18,30.6,16.4,0.0,15,28.0,54.7,1,Chaud,Aucune,Modéré,17.32,Faible
Oulad Barhil,30.625,-8.5,2026-09-19,35.8,18.1,0.6,7,23.5,40.3,3,Chaud,Faible,Modéré,16.8,Faible
Oulad Barhil,30.625,-8.5,2026-09-20,38.5,25.1,0.0,3,15.8,28.8,3,Chaud,Aucune,Modéré,14.02,Faible
Bir Jdid,33.375,-8.0,2026-09-14,33.4,22.4,0.0,0,15.6,30.2,1,Chaud,Aucune,Modéré,12.92,Faible
Bir Jdid,33.375,-8.0,2026-09-15,29.4,20.8,0.0,0,17.0,33.5,45,Modéré,Aucune,Modéré,12.68,Faible
Bir Jdid,33.375,-8.0,2026-09-16,25.9,19.7,0.0,0,19.8,37.8,45,Modéré,Aucune,Modéré,13.100000000000001,Faible
Bir Jdid,33.375,-8.0,2026-09-17,25.9,18.3,0.0,2,16.6,32.0,3,Modéré,Aucune,Modéré,11.82,Faible
Bir Jdid,33.375,-8.0,2026-09-18,26.0,17.2,0.0,3,21.3,41.4,2,Modéré,Aucune,Modéré,13.720000000000002,Faible
Bir Jdid,33.375,-8.0,2026-09-19,27.9,19.0,0.0,3,19.5,37.1,45,Modéré,Aucune,Modéré,13.38,Faible
Bir Jdid,33.375,-8.0,2026-09-20,30.9,20.1,0.0,0,17.9,35.6,45,Chaud,Aucune,Modéré,13.34,Faible
Bou Arfa,32.5,-1.9375,2026-09-14,34.3,21.5,0.1,8,14.5,29.5,3,Chaud,Faible,Modéré,12.7,Faible
Bou Arfa,32.5,-1.9375,2026-09-15,32.2,20.3,0.2,15,20.3,31.7,3,Chaud,Faible,Modéré,14.640000000000002,Faible
Bou Arfa,32.5,-1.9375,2026-09-16,29.3,20.2,0.0,5,15.6,24.8,3,Modéré,Aucune,Modéré,12.100000000000001,Faible
Bou Arfa,32.5,-1.9375,2026-09-17,30.3,17.5,0.6,27,21.8,33.8,3,Chaud,Faible,Modéré,15.020000000000001,Faible
Bou Arfa,32.5,-1.9375,2026-09-18,29.3,17.9,0.0,34,16.1,23.8,3,Modéré,Aucune,Modéré,12.3,Faible
Bou Arfa,32.5,-1.9375,2026-09-19,32.1,20.2,0.0,18,11.4,22.0,3,Chaud,Aucune,Modéré,10.98,Faible
Bou Arfa,32.5,-1.9375,2026-09-20,31.5,18.8,0.0,10,13.8,19.8,3,Chaud,Aucune,Modéré,11.82,Faible
Tahannawt,31.375,-7.9375,2026-09-14,35.6,24.2,0.0,5,24.1,56.9,3,Chaud,Aucune,Modéré,16.76,Faible
Tahannawt,31.375,-7.9375,2026-09-15,33.8,22.5,0.0,3,19.2,37.4,3,Chaud,Aucune,Modéré,14.44,Faible
Tahannawt,31.375,-7.9375,2026-09-16,30.7,18.4,0.0,0,17.5,33.1,0,Chaud,Aucune,Modéré,13.14,Faible
Tahannawt,31.375,-7.9375,2026-09-17,26.5,15.0,0.0,3,14.1,27.7,1,Modéré,Aucune,Modéré,10.940000000000001,Faible
Tahannawt,31.375,-7.9375,2026-09-18,27.6,14.8,0.0,20,14.0,27.0,2,Modéré,Aucune,Modéré,11.120000000000001,Faible
Tahannawt,31.375,-7.9375,2026-09-19,31.4,17.3,0.9,17,13.9,24.5,3,Chaud,Faible,Modéré,12.200000000000001,Faible
Tahannawt,31.375,-7.9375,2026-09-20,33.7,18.0,0.0,18,15.9,27.0,3,Chaud,Aucune,Modéré,13.100000000000001,Faible
Arfoud,31.4375,-4.25,2026-09-14,38.2,23.5,0.1,8,13.3,23.0,80,Chaud,Faible,Modéré,13.0,Faible
Arfoud,31.4375,-4.25,2026-09-15,35.1,26.4,0.0,10,22.8,41.0,3,Chaud,Aucune,Modéré,16.14,Faible
Arfoud,31.4375,-4.25,2026-09-16,34.8,23.2,0.0,3,13.0,21.2,2,Chaud,Aucune,Modéré,12.16,Faible
Arfoud,31.4375,-4.25,2026-09-17,35.3,23.2,0.0,26,12.0,20.2,3,Chaud,Aucune,Modéré,11.86,Faible
Arfoud,31.4375,-4.25,2026-09-18,35.2,24.6,0.0,33,15.0,27.0,3,Chaud,Aucune,Modéré,13.040000000000001,Faible
Arfoud,31.4375,-4.25,2026-09-19,33.2,23.6,0.0,19,14.8,23.4,3,Chaud,Aucune,Modéré,12.560000000000002,Faible
Arfoud,31.4375,-4.25,2026-09-20,34.4,20.6,0.0,3,8.4,16.2,2,Chaud,Aucune,Faible,10.24,Faible
Tahla,34.0625,-4.4375,2026-09-14,36.6,21.7,0.0,0,12.7,24.8,3,Chaud,Aucune,Modéré,12.4,Faible
Tahla,34.0625,-4.4375,2026-09-15,35.3,21.2,0.0,0,17.3,32.4,3,Chaud,Aucune,Modéré,13.98,Faible
Tahla,34.0625,-4.4375,2026-09-16,30.5,18.9,0.0,0,17.3,33.5,1,Chaud,Aucune,Modéré,13.020000000000001,Faible
Tahla,34.0625,-4.4375,2026-09-17,27.5,16.8,0.0,15,14.8,28.4,3,Modéré,Aucune,Modéré,11.420000000000002,Faible
Tahla,34.0625,-4.4375,2026-09-18,30.9,16.2,0.0,10,21.2,40.0,3,Chaud,Aucune,Modéré,14.66,Faible
Tahla,34.0625,-4.4375,2026-09-19,35.6,21.3,0.0,5,19.5,38.2,3,Chaud,Aucune,Modéré,14.920000000000002,Faible
Tahla,34.0625,-4.4375,2026-09-20,36.5,22.5,0.0,5,22.7,41.0,1,Chaud,Aucune,Modéré,16.380000000000003,Faible
Missour,33.0625,-4.0,2026-09-14,36.4,19.7,0.1,13,21.9,35.6,3,Chaud,Faible,Modéré,16.08,Faible
Missour,33.0625,-4.0,2026-09-15,35.3,20.0,0.1,20,17.4,34.9,3,Chaud,Faible,Modéré,14.059999999999999,Faible
Missour,33.0625,-4.0,2026-09-16,31.3,17.9,0.0,0,14.3,22.7,2,Chaud,Aucune,Modéré,11.98,Faible
Missour,33.0625,-4.0,2026-09-17,33.2,17.9,0.0,25,33.4,56.9,3,Chaud,Aucune,Fort,20.0,Faible
Missour,33.0625,-4.0,2026-09-18,29.9,15.9,0.0,16,28.6,45.4,3,Modéré,Aucune,Modéré,17.42,Faible
Missour,33.0625,-4.0,2026-09-19,33.1,17.6,0.0,8,13.8,25.9,3,Chaud,Aucune,Modéré,12.14,Faible
Missour,33.0625,-4.0,2026-09-20,34.5,18.8,0.0,5,19.5,29.2,2,Chaud,Aucune,Modéré,14.700000000000001,Faible
Sidi Lmokhtar,31.5625,-9.0,2026-09-14,40.4,24.8,0.0,5,26.9,46.8,3,Très chaud,Aucune,Modéré,18.84,Faible
Sidi Lmokhtar,31.5625,-9.0,2026-09-15,38.3,24.7,0.0,3,24.5,41.0,3,Chaud,Aucune,Modéré,17.46,Faible
Sidi Lmokhtar,31.5625,-9.0,2026-09-16,34.0,21.3,0.0,0,27.3,45.7,0,Chaud,Aucune,Modéré,17.720000000000002,Faible
Sidi Lmokhtar,31.5625,-9.0,2026-09-17,28.5,17.4,0.0,2,20.7,36.0,2,Modéré,Aucune,Modéré,13.98,Faible
Sidi Lmokhtar,31.5625,-9.0,2026-09-18,31.0,17.1,0.0,3,17.3,29.2,1,Chaud,Aucune,Modéré,13.120000000000001,Faible
Sidi Lmokhtar,31.5625,-9.0,2026-09-19,34.6,18.2,2.4,3,14.3,40.0,80,Chaud,Faible,Modéré,13.600000000000001,Faible
Sidi Lmokhtar,31.5625,-9.0,2026-09-20,38.0,21.3,0.0,3,21.4,33.8,2,Chaud,Aucune,Modéré,16.16,Faible
Douar Toulal,33.875,-5.625,2026-09-14,38.2,23.4,0.0,0,18.6,41.4,2,Chaud,Aucune,Modéré,15.080000000000002,Faible
Douar Toulal,33.875,-5.625,2026-09-15,34.4,21.2,0.0,0,18.4,40.7,3,Chaud,Aucune,Modéré,14.239999999999998,Faible
Douar Toulal,33.875,-5.625,2026-09-16,30.6,18.9,0.0,0,18.6,41.0,1,Chaud,Aucune,Modéré,13.560000000000002,Faible
Douar Toulal,33.875,-5.625,2026-09-17,26.6,17.6,0.0,5,14.5,32.8,3,Modéré,Aucune,Modéré,11.120000000000001,Faible
Douar Toulal,33.875,-5.625,2026-09-18,30.3,15.6,0.0,5,13.7,31.0,2,Chaud,Aucune,Modéré,11.540000000000001,Faible
Douar Toulal,33.875,-5.625,2026-09-19,35.1,19.0,0.0,5,9.5,32.4,3,Chaud,Aucune,Faible,10.82,Faible
Douar Toulal,33.875,-5.625,2026-09-20,37.4,21.8,0.0,5,18.4,34.9,2,Chaud,Aucune,Modéré,14.84,Faible
Oulad Yaïch,32.4375,-6.3125,2026-09-14,40.5,24.0,0.0,5,24.3,52.9,3,Très chaud,Aucune,Modéré,17.82,Faible
Oulad Yaïch,32.4375,-6.3125,2026-09-15,38.2,25.3,0.0,3,20.2,36.0,3,Chaud,Aucune,Modéré,15.72,Faible
Oulad Yaïch,32.4375,-6.3125,2026-09-16,34.8,20.5,0.0,0,17.2,33.1,0,Chaud,Aucune,Modéré,13.84,Faible
Oulad Yaïch,32.4375,-6.3125,2026-09-17,32.0,17.8,0.0,8,14.8,26.3,3,Chaud,Aucune,Modéré,12.32,Faible
Oulad Yaïch,32.4375,-6.3125,2026-09-18,33.8,17.9,0.0,13,5.6,13.7,3,Chaud,Aucune,Faible,9.0,Faible
Oulad Yaïch,32.4375,-6.3125,2026-09-19,35.8,21.9,0.6,10,14.3,28.4,3,Chaud,Faible,Modéré,13.120000000000001,Faible
Oulad Yaïch,32.4375,-6.3125,2026-09-20,37.8,26.7,0.0,10,18.0,37.1,2,Chaud,Aucune,Modéré,14.76,Faible
Zawyat ech Cheïkh,32.6875,-5.9375,2026-09-14,38.2,19.3,0.0,3,22.3,51.5,3,Chaud,Aucune,Modéré,16.560000000000002,Faible
Zawyat ech Cheïkh,32.6875,-5.9375,2026-09-15,35.8,19.7,0.0,0,21.0,37.1,3,Chaud,Aucune,Modéré,15.56,Faible
Zawyat ech Cheïkh,32.6875,-5.9375,2026-09-16,32.1,17.3,0.0,0,14.3,25.9,1,Chaud,Aucune,Modéré,12.14,Faible
Zawyat ech Cheïkh,32.6875,-5.9375,2026-09-17,30.2,17.1,0.0,5,13.4,27.7,3,Chaud,Aucune,Modéré,11.4,Faible
Zawyat ech Cheïkh,32.6875,-5.9375,2026-09-18,32.3,14.8,0.0,18,9.5,16.9,2,Chaud,Aucune,Faible,10.26,Faible
Zawyat ech Cheïkh,32.6875,-5.9375,2026-09-19,34.1,19.5,0.3,8,10.4,21.2,3,Chaud,Faible,Modéré,11.100000000000001,Faible
Zawyat ech Cheïkh,32.6875,-5.9375,2026-09-20,36.7,19.6,0.0,8,14.3,31.7,2,Chaud,Aucune,Modéré,13.060000000000002,Faible
Imi-n-Tanout,31.1875,-8.875,2026-09-14,35.4,25.1,0.0,5,25.2,45.0,3,Chaud,Aucune,Modéré,17.16,Faible
Imi-n-Tanout,31.1875,-8.875,2026-09-15,34.2,24.4,0.0,3,24.8,43.2,2,Chaud,Aucune,Modéré,16.76,Faible
Imi-n-Tanout,31.1875,-8.875,2026-09-16,30.3,19.9,0.0,0,25.0,43.6,1,Chaud,Aucune,Modéré,16.060000000000002,Faible
Imi-n-Tanout,31.1875,-8.875,2026-09-17,25.6,16.4,0.0,3,17.4,30.6,45,Modéré,Aucune,Modéré,12.080000000000002,Faible
Imi-n-Tanout,31.1875,-8.875,2026-09-18,26.9,15.6,0.0,13,18.4,32.4,2,Modéré,Aucune,Modéré,12.739999999999998,Faible
Imi-n-Tanout,31.1875,-8.875,2026-09-19,31.5,18.5,2.1,17,11.6,24.5,3,Chaud,Faible,Modéré,11.780000000000001,Faible
Imi-n-Tanout,31.1875,-8.875,2026-09-20,33.3,21.8,0.3,18,12.2,25.9,3,Chaud,Faible,Modéré,11.66,Faible
Sebt Gzoula,32.125,-9.0625,2026-09-14,41.2,27.8,0.0,0,24.5,45.0,3,Très chaud,Aucune,Modéré,18.04,Faible
Sebt Gzoula,32.125,-9.0625,2026-09-15,38.0,24.4,0.0,0,24.8,45.4,3,Chaud,Aucune,Modéré,17.520000000000003,Faible
Sebt Gzoula,32.125,-9.0625,2026-09-16,30.8,20.4,0.0,0,21.6,40.0,2,Chaud,Aucune,Modéré,14.8,Faible
Sebt Gzoula,32.125,-9.0625,2026-09-17,27.3,18.1,0.0,0,17.5,33.1,2,Modéré,Aucune,Modéré,12.46,Faible
Sebt Gzoula,32.125,-9.0625,2026-09-18,30.6,18.0,0.0,0,20.4,36.7,2,Chaud,Aucune,Modéré,14.280000000000001,Faible
Sebt Gzoula,32.125,-9.0625,2026-09-19,32.1,19.0,0.0,3,17.1,31.7,3,Chaud,Aucune,Modéré,13.260000000000002,Faible
Sebt Gzoula,32.125,-9.0625,2026-09-20,38.3,22.7,0.0,3,19.6,38.2,1,Chaud,Aucune,Modéré,15.5,Faible
